Image.Name,Hour,Minute,Sec,Summary.Statistic,Area,Average.intensity,Total.intensity,Image,Overlay,Treatment,NormAvgAVG,NormAvgTOT,Dissociation,SLIDE,Time,Label
Red,55:00:00,57:00:00,892,Average,0.086474583,14519.72266,182299.2813,Copy of Image 29_Maximum intensity projection.tif,GRB_R,CTL,0.957092654,0.949324296,VC2780,VC2780_S1,24H,CTL
Red,58:00:00,21:00,227,Average,0.096386731,15771.12695,219680.875,Copy of Image 30_Maximum intensity projection.tif,GRB_R,CTL,1.039581134,1.143989107,VC2780,VC2780_S1,24H,CTL
Red,0:00,26:00:00,233,Average,0.097489737,19273.54492,293729.125,Copy of Image 32_Maximum intensity projection.tif,GRB_R,CTL,1.270449078,1.529595689,VC2780,VC2780_S1,24H,CTL
Red,1:00,54:00:00,744,Average,0.091939226,18991.04688,252930.9063,Copy of Image 34_Maximum intensity projection.tif,GRB_R,CTL,1.25182773,1.317138788,VC2780,VC2780_S1,24H,CTL
Red,5:00,47:00:00,980,Average,0.106283121,16789.06055,281904,Copy of Image 37_Maximum intensity projection.tif,GRB_R,CTL,1.106679989,1.468016299,VC2780,VC2780_S2,24H,CTL
Red,7:00,8:00,328,Average,0.083280109,14615.84668,174851.7656,Copy of Image 39_Maximum intensity projection.tif,GRB_R,CTL,0.963428835,0.910541326,VC2780,VC2780_S2,24H,CTL
Red,11:00,15:00,411,Average,0.07291352,14819.89453,157676.6406,Copy of Image 42_Maximum intensity projection.tif,GRB_R,CTL,0.976879002,0.821101788,VC2780,VC2780_S2,24H,CTL
Red,9:00,34:00:00,507,Average,0.088007607,16519.36133,206782.375,Copy of Image 43_Maximum intensity projection.tif,GRB_R,CTL,1.088902298,1.076820112,VC2780,VC2780_S2,24H,CTL
Red,17:00,18:00,249,Average,0.130790055,25118.66992,488494.7813,Copy of Image 13_Maximum intensity projection.tif,GRB_R,MK4256,1.65574061,2.543838686,VC2780,VC2780_S3,24H,MK_1
Red,21:00,21:00,66,Average,0.113604322,21896.32227,386844.375,Copy of Image 47_Maximum intensity projection.tif,GRB_R,MK4256,1.443333987,2.014493756,VC2780,VC2780_S4,24H,MK_1
Red,8:00,32:00:00,249,Average,0.0843613,19382.8418,241568.8438,Copy of Image 49_Maximum intensity projection.tif,GRB_R,MK4256,1.277653571,1.257970799,VC2780,VC2780_S4,24H,MK_1
Red,28:00:00,0:00,331,Average,0.115596063,22113.67188,386922.5938,Copy of Image 4_Maximum intensity projection.tif,GRB_R,MK4256,1.457660963,2.01490108,VC2780,VC2780_S3,24H,MK_1
Red,29:00:00,44:00:00,143,Average,0.079004444,13840.6875,161277.7656,Copy of Image 5_Maximum intensity projection.tif,GRB_R,MK4256,0.912332876,0.839854662,VC2780,VC2780_S3,24H,MK_1
Red,31:00:00,13:00,214,Average,0.086957991,14981.6875,209691.8281,Copy of Image 7_Maximum intensity projection.tif,GRB_R,MK4256,0.987543866,1.091971102,VC2780,VC2780_S3,24H,MK_1
Red,33:00:00,9:00,192,Average,0.106334969,21150.375,327029.5313,Copy of Image 9_Maximum intensity projection.tif,GRB_R,MK4256,1.394163581,1.703007698,VC2780,VC2780_S3,24H,MK_1
Red,30:00:00,35:00:00,767,Average,0.054195743,11717.79004,87798.73438,Copy of Image 10_Maximum intensity projection.tif,GRB_R,CTL,0.772398415,0.457212289,VC2780,VC2780_S5,24H,CTL
Red,32:00:00,42:00:00,638,Average,0.085695475,14379.89941,185633.7344,Copy of Image 12_Maximum intensity projection.tif,GRB_R,CTL,0.947875962,0.966688475,VC2780,VC2780_S5,24H,CTL
Red,35:00:00,48:00:00,920,Average,0.10403648,19545.25781,295423.1563,Copy of Image 13_Maximum intensity projection 2.tif,GRB_R,CTL,1.288359503,1.538417364,VC2780,VC2780_S5,24H,CTL
Red,37:00:00,27:00:00,656,Average,0.072583593,11971.1875,122118.6172,Copy of Image 1_Maximum intensity projection.tif,GRB_R,CTL,0.789101547,0.635933227,VC2780,VC2780_S6,24H,CTL
Red,39:00:00,55:00:00,357,Average,0.085487336,15034.83301,174033.2813,Copy of Image 4_Maximum intensity projection 2.tif,GRB_R,CTL,0.991047044,0.906279065,VC2780,VC2780_S6,24H,CTL
Red,44:00:00,21:00,88,Average,0.061091185,11852.27637,98710.83594,Copy of Image 6_Maximum intensity projection.tif,GRB_R,CTL,0.781263314,0.514037105,VC2780,VC2780_S6,24H,CTL
Red,49:00:00,21:00,20,Average,0.090124615,13864.69531,195041,Copy of Image 7_Maximum intensity projection 2.tif,GRB_R,CTL,0.913915392,1.015676851,VC2780,VC2780_S6,24H,CTL
Red,51:00:00,23:00,490,Average,0.079323493,13064.93945,143874.7188,Copy of Image 9_Maximum intensity projection 2.tif,GRB_R,CTL,0.8611981,0.74922822,VC2780,VC2780_S6,24H,CTL
Red,54:00:00,9:00,96,Average,0.0908067,15645.75098,205617.4688,Copy of Image 15_Maximum intensity projection.tif,GRB_R,MK4256,1.03131676,1.070753858,VC2780,VC2780_S7,24H,MK_1
Red,56:00:00,11:00,298,Average,0.111458883,21123.33594,334508.4063,Copy of Image 17_Maximum intensity projection 2.tif,GRB_R,MK4256,1.392381255,1.741953972,VC2780,VC2780_S7,24H,MK_1
Red,1:00,12:00,678,Average,0.123651341,19826.5957,355830.9375,Copy of Image 22_Maximum intensity projection 2.tif,GRB_R,MK4256,1.306904377,1.852991146,VC2780,VC2780_S7,24H,MK_1
Red,5:00,35:00:00,472,Average,0.094486028,15620.27051,219764.9844,Copy of Image 26_Maximum intensity projection.tif,GRB_R,MK4256,1.029637171,1.144427107,VC2780,VC2780_S7,24H,MK_1
Red,8:00,55:00:00,219,Average,0.110036708,19103.91211,312533.125,Copy of Image 28_Maximum intensity projection.tif,GRB_R,MK4256,1.259267437,1.6275176,VC2780,VC2780_S8,24H,MK_1
Red,14:00,46:00:00,657,Average,0.097642198,15474.03125,218723.125,Copy of Image 30_Maximum intensity projection.ome.tif,GRB_R,MK4256,1.019997557,1.139001619,VC2780,VC2780_S8,24H,MK_1
Red,16:00,34:00:00,519,Average,0.080850057,13843.15332,163767.6094,Copy of Image 31_Maximum intensity projection.tif,GRB_R,MK4256,0.912495415,0.852820534,VC2780,VC2780_S8,24H,MK_1
Red,18:00,12:00,678,Average,0.097877882,18195.23242,254016.4219,Copy of Image 33_Maximum intensity projection.tif,GRB_R,MK4256,1.199370242,1.322791616,VC2780,VC2780_S8,24H,MK_1
Red,20:00,30:00:00,581,Average,0.106219895,17822.65625,264572.5938,Copy of Image 35_Maximum intensity projection.tif,GRB_R,MK4256,1.174811239,1.377762926,VC2780,VC2780_S8,24H,MK_1
Blue,55:00:00,58:00:00,192,Average,0.086474583,13271.47656,172508.5313,Copy of Image 29_Maximum intensity projection.tif,GRB_B,CTL,0.979232424,1.008681069,VC2780,VC2780_S1,24H,CTL
Blue,58:00:00,21:00,527,Average,0.096386731,16232.9082,222657.9531,Copy of Image 30_Maximum intensity projection.tif,GRB_B,CTL,1.197740883,1.301911624,VC2780,VC2780_S1,24H,CTL
Blue,0:00,26:00:00,565,Average,0.097489737,12400.125,180579.75,Copy of Image 32_Maximum intensity projection.tif,GRB_B,CTL,0.914939977,1.055874593,VC2780,VC2780_S1,24H,CTL
Blue,1:00,55:00:00,54,Average,0.091939226,13574.59668,178011.3281,Copy of Image 34_Maximum intensity projection.tif,GRB_B,CTL,1.001598063,1.040856678,VC2780,VC2780_S1,24H,CTL
Blue,5:00,48:00:00,340,Average,0.106283121,13865.60449,236151.75,Copy of Image 37_Maximum intensity projection.tif,GRB_B,CTL,1.023069998,1.380811708,VC2780,VC2780_S2,24H,CTL
Blue,7:00,8:00,638,Average,0.083280109,13039.61719,162254.1875,Copy of Image 39_Maximum intensity projection.tif,GRB_B,CTL,0.962124741,0.948722513,VC2780,VC2780_S2,24H,CTL
Blue,11:00,15:00,741,Average,0.07291352,15265.43457,172470.7656,Copy of Image 42_Maximum intensity projection.tif,GRB_B,CTL,1.126356094,1.008460248,VC2780,VC2780_S2,24H,CTL
Blue,9:00,34:00:00,837,Average,0.088007607,13519.02148,184673.4375,Copy of Image 43_Maximum intensity projection.tif,GRB_B,CTL,0.997497461,1.079810946,VC2780,VC2780_S2,24H,CTL
Blue,17:00,18:00,609,Average,0.130790055,21269.91406,413844.1563,Copy of Image 13_Maximum intensity projection.tif,GRB_B,MK4256,1.569395041,2.419803606,VC2780,VC2780_S3,24H,MK_1
Blue,21:00,21:00,376,Average,0.113604322,19586.51563,343777.0313,Copy of Image 47_Maximum intensity projection.tif,GRB_B,MK4256,1.445185929,2.010111505,VC2780,VC2780_S4,24H,MK_1
Blue,8:00,32:00:00,469,Average,0.0843613,15205.60449,196025.4844,Copy of Image 49_Maximum intensity projection.tif,GRB_B,MK4256,1.121941547,1.146187923,VC2780,VC2780_S4,24H,MK_1
Blue,28:00:00,0:00,611,Average,0.115596063,14829.18164,281845.3438,Copy of Image 4_Maximum intensity projection.tif,GRB_B,MK4256,1.094167286,1.647988425,VC2780,VC2780_S3,24H,MK_1
Blue,29:00:00,44:00:00,483,Average,0.079004444,14294.94629,168399.9219,Copy of Image 5_Maximum intensity projection.tif,GRB_B,MK4256,1.05474887,0.984657466,VC2780,VC2780_S3,24H,MK_1
Blue,31:00:00,13:00,524,Average,0.086957991,16276.99707,216245,Copy of Image 7_Maximum intensity projection.tif,GRB_B,MK4256,1.200993968,1.264414207,VC2780,VC2780_S3,24H,MK_1
Blue,33:00:00,9:00,522,Average,0.106334969,16494.08398,271463.125,Copy of Image 9_Maximum intensity projection.tif,GRB_B,MK4256,1.217011669,1.587282166,VC2780,VC2780_S3,24H,MK_1
Blue,30:00:00,36:00:00,67,Average,0.054195743,11506.43164,93170.39844,Copy of Image 10_Maximum intensity projection.tif,GRB_B,CTL,0.848999047,0.544780113,VC2780,VC2780_S5,24H,CTL
Blue,32:00:00,42:00:00,948,Average,0.085695475,14677.16211,178315.6719,Copy of Image 12_Maximum intensity projection.tif,GRB_B,CTL,1.082950565,1.042636218,VC2780,VC2780_S5,24H,CTL
Blue,35:00:00,49:00:00,250,Average,0.10403648,13710.92969,208357.6719,Copy of Image 13_Maximum intensity projection 2.tif,GRB_B,CTL,1.011657358,1.218295917,VC2780,VC2780_S5,24H,CTL
Blue,37:00:00,27:00:00,976,Average,0.072583593,11415.09863,126506,Copy of Image 1_Maximum intensity projection.tif,GRB_B,CTL,0.842260065,0.739697952,VC2780,VC2780_S6,24H,CTL
Blue,39:00:00,55:00:00,697,Average,0.085487336,16602.56641,198617.5,Copy of Image 4_Maximum intensity projection 2.tif,GRB_B,CTL,1.225016017,1.161343794,VC2780,VC2780_S6,24H,CTL
Blue,44:00:00,21:00,418,Average,0.061091185,16084.66895,153550.3281,Copy of Image 6_Maximum intensity projection.tif,GRB_B,CTL,1.186803088,0.897829852,VC2780,VC2780_S6,24H,CTL
Blue,49:00:00,21:00,456,Average,0.090124615,12132.48145,160161.5781,Copy of Image 7_Maximum intensity projection 2.tif,GRB_B,CTL,0.895191968,0.936486738,VC2780,VC2780_S6,24H,CTL
Blue,51:00:00,23:00,820,Average,0.079323493,9548.888672,108394.9297,Copy of Image 9_Maximum intensity projection 2.tif,GRB_B,CTL,0.704562251,0.633800037,VC2780,VC2780_S6,24H,CTL
Blue,54:00:00,9:00,396,Average,0.0908067,18825.41797,256008.6563,Copy of Image 15_Maximum intensity projection.tif,GRB_B,MK4256,1.389028537,1.496917765,VC2780,VC2780_S7,24H,MK_1
Blue,56:00:00,11:00,639,Average,0.111458883,14984.83691,238686.7188,Copy of Image 17_Maximum intensity projection 2.tif,GRB_B,MK4256,1.105652269,1.395634018,VC2780,VC2780_S7,24H,MK_1
Blue,1:00,13:00,8,Average,0.123651341,14676.58594,286060.2188,Copy of Image 22_Maximum intensity projection 2.tif,GRB_B,MK4256,1.082908052,1.672633377,VC2780,VC2780_S7,24H,MK_1
Blue,5:00,35:00:00,752,Average,0.094486028,15514.50977,214332.9063,Copy of Image 26_Maximum intensity projection.tif,GRB_B,MK4256,1.144734042,1.253233933,VC2780,VC2780_S7,24H,MK_1
Blue,8:00,55:00:00,559,Average,0.110036708,18547.14844,319748.6875,Copy of Image 28_Maximum intensity projection.tif,GRB_B,MK4256,1.368496493,1.86961448,VC2780,VC2780_S8,24H,MK_1
Blue,14:00,47:00:00,7,Average,0.097642198,16692.00781,273600.5625,Copy of Image 30_Maximum intensity projection.ome.tif,GRB_B,MK4256,1.231615427,1.599780056,VC2780,VC2780_S8,24H,MK_1
Blue,16:00,34:00:00,810,Average,0.080850057,14162.80762,151538.1406,Copy of Image 31_Maximum intensity projection.tif,GRB_B,MK4256,1.044999053,0.886064315,VC2780,VC2780_S8,24H,MK_1
Blue,18:00,13:00,28,Average,0.097877882,16968.98242,277821.0313,Copy of Image 33_Maximum intensity projection.tif,GRB_B,MK4256,1.252051926,1.624457717,VC2780,VC2780_S8,24H,MK_1
Blue,20:00,30:00:00,911,Average,0.106219895,17118.47656,271921.125,Copy of Image 35_Maximum intensity projection.tif,GRB_B,MK4256,1.263082312,1.589960155,VC2780,VC2780_S8,24H,MK_1
Red,6:03,0:07,26,Average,0.048169103,14751.61328,108295.2734,ctl_15.tif,GRB_R,CTL,0.948837787,0.829050572,VC2786,VC2786_S1,24H,CTL
Red,7:05,9:01,86,Average,0.071819551,19559.36523,230597.1563,ctl_17.tif,GRB_R,CTL,1.258076963,1.765328239,VC2786,VC2786_S1,24H,CTL
Red,9:04,2:07,86,Average,0.068535671,17993.33594,187205.4063,ctl_17_2.tif,GRB_R,CTL,1.15734847,1.433144257,VC2786,VC2786_S2,24H,CTL
Red,2:04,0:03,16,Average,0.055833526,14593.57715,121983.2656,ctl_19.tif,GRB_R,CTL,0.938672753,0.933838504,VC2786,VC2786_S2,24H,CTL
Red,3:05,5:02,26,Average,0.048734695,14114.33008,94121.28906,ctl_1.tif,GRB_R,CTL,0.907847126,0.720542144,VC2786,VC2786_S3,24H,CTL
Red,6:02,4:03,46,Average,0.056785978,14470.97363,125390.3516,ctl_3opp.tif,GRB_R,CTL,0.930786778,0.959921328,VC2786,VC2786_S3,24H,CTL
Red,8:00,9:00,27,Average,0.039591048,15182.6748,81674.09375,ctl_36.tif,GRB_R,CTL,0.976564074,0.625253088,VC2786,VC2786_S4,24H,CTL
Red,6:00,5:02,96,Average,0.050082672,13710.40137,95738.39844,ctl_41.tif,GRB_R,CTL,0.881866048,0.732921867,VC2786,VC2786_S4,24H,CTL
Red,4:03,9:09,39,Average,0.084680855,18437.12695,229771.1094,mk_12_13_1.tif,GRB_R,MK4256,1.18589353,1.759004467,VC2786,VC2786_S5,24H,MK_1
Red,1:04,7:04,53,Average,0.073463388,17419.61523,209600,mk_29.tif,GRB_R,MK4256,1.120446209,1.604585264,VC2786,VC2786_S6,24H,MK_1
Red,7:01,9:06,7,Average,0.065627657,16845.26758,160053.125,mk_33.tif,GRB_R,MK4256,1.083503622,1.225280944,VC2786,VC2786_S6,24H,MK_1
Red,8:05,6:04,36,Average,0.061123025,18637.52539,162926.9531,mk_34.tif,GRB_R,MK4256,1.198783348,1.247281432,VC2786,VC2786_S6,24H,MK_1
Red,0:02,6:09,46,Average,0.04258237,16142.24805,98092.86719,mk_35.tif,GRB_R,MK4256,1.038284738,0.750946418,VC2786,VC2786_S6,24H,MK_1
Red,2:00,3:08,17,Average,0.048540276,13809.95313,98644.25,mk_43.tif,GRB_R,MK4256,0.888269312,0.755167509,VC2786,VC2786_S7,24H,MK_1
Red,2:05,9:06,37,Average,0.077422485,18265.61523,244224.8125,mk_45.tif,GRB_R,MK4256,1.174861733,1.869654271,VC2786,VC2786_S7,24H,MK_1
Red,4:01,1:05,2,Average,0.070673488,18202.43164,171978.5781,mk_9.tif,GRB_R,MK4256,1.170797704,1.316575821,VC2786,VC2786_S5,24H,MK_1
Blue,6:03,0:08,46,Average,0.048169103,11210,79946.77344,ctl_15.tif,GRB_B,CTL,0.823911184,0.685809067,VC2786,VC2786_S1,24H,CTL
Blue,7:05,9:02,56,Average,0.071819551,18880.47656,208868.0469,ctl_17.tif,GRB_B,CTL,1.387674916,1.791737103,VC2786,VC2786_S1,24H,CTL
Blue,9:04,2:08,56,Average,0.068535671,14037.63867,142466.7344,ctl_17_2.tif,GRB_B,CTL,1.031736619,1.222125346,VC2786,VC2786_S2,24H,CTL
Blue,2:04,0:04,6,Average,0.055833526,12986.79785,112071.8047,ctl_19.tif,GRB_B,CTL,0.954502052,0.961387889,VC2786,VC2786_S2,24H,CTL
Blue,3:05,5:03,16,Average,0.048734695,11782.36035,82093.23438,ctl_1.tif,GRB_B,CTL,0.865978454,0.704222097,VC2786,VC2786_S3,24H,CTL
Blue,6:02,4:04,59,Average,0.056785978,17544.36328,154213.7344,ctl_3opp.tif,GRB_B,CTL,1.289473428,1.32289488,VC2786,VC2786_S3,24H,CTL
Blue,8:00,9:01,17,Average,0.039591048,9587.338867,53903.72656,ctl_36.tif,GRB_B,CTL,0.704649039,0.462403457,VC2786,VC2786_S4,24H,CTL
Blue,6:00,5:04,16,Average,0.050082672,12817.70801,99019.39844,ctl_41.tif,GRB_B,CTL,0.942074308,0.849420162,VC2786,VC2786_S4,24H,CTL
Blue,4:04,0:00,19,Average,0.084680855,18307.37891,218704.0625,mk_12_13_1.tif,GRB_B,MK4256,1.345553456,1.8761136,VC2786,VC2786_S5,24H,MK_1
Blue,1:04,7:05,38,Average,0.073463388,10690.6709,122081.9688,mk_29.tif,GRB_B,MK4256,0.785741599,1.047258288,VC2786,VC2786_S6,24H,MK_1
Blue,7:01,9:07,7,Average,0.065627657,13034.34863,127208.875,mk_33.tif,GRB_B,MK4256,0.957996933,1.091238534,VC2786,VC2786_S6,24H,MK_1
Blue,8:05,6:05,37,Average,0.061123025,13566.27832,127326,mk_34.tif,GRB_B,MK4256,0.997092635,1.092243269,VC2786,VC2786_S6,24H,MK_1
Blue,0:02,7:00,46,Average,0.04258237,11965.18164,68159.66406,mk_35.tif,GRB_B,MK4256,0.879415431,0.584695461,VC2786,VC2786_S6,24H,MK_1
Blue,2:00,3:08,77,Average,0.048540276,20352.96875,161287.6875,mk_43.tif,GRB_B,MK4256,1.495899963,1.383577518,VC2786,VC2786_S7,24H,MK_1
Blue,2:05,9:07,47,Average,0.077422485,14864.13574,191253.2813,mk_45.tif,GRB_B,MK4256,1.092482398,1.640631994,VC2786,VC2786_S7,24H,MK_1
Blue,4:01,1:06,1,Average,0.070673488,15089.37012,152211.5313,mk_9.tif,GRB_B,MK4256,1.109036647,1.305719339,VC2786,VC2786_S5,24H,MK_1
Red,31:00:00,19:00,228,Average,0.102802075,18451.88477,281929.4375,Copy of Image 11_Maximum intensity projection.tif,GRB_R,CTL,1.155607022,1.263917424,VC2792,VC2792_S1,24H,CTL
Red,36:00:00,12:00,720,Average,0.089788593,16442.98242,212797.625,Copy of Image 6_Maximum intensity projection.tif,GRB_R,CTL,1.029793227,0.953992702,VC2792,VC2792_S1,24H,CTL
Red,39:00:00,6:00,169,Average,0.083874375,13389.00879,158441.1094,Copy of Image 8_Maximum intensity projection.tif,GRB_R,CTL,0.838528572,0.710307092,VC2792,VC2792_S1,24H,CTL
Red,40:00:00,44:00:00,192,Average,0.095519997,16986.22461,264122.9688,Copy of Image 9_Maximum intensity projection.tif,GRB_R,CTL,1.063815469,1.184089272,VC2792,VC2792_S1,24H,CTL
Red,44:00:00,54:00:00,269,Average,0.090103775,13508.1748,174322.8594,Copy of Image 33_Maximum intensity projection.tif,GRB_R,CTL,0.845991716,0.78150654,VC2792,VC2792_S2,24H,CTL
Red,46:00:00,53:00:00,107,Average,0.088828497,16256.65137,206068.8125,Copy of Image 34_Maximum intensity projection.tif,GRB_R,CTL,1.018123662,0.923826774,VC2792,VC2792_S2,24H,CTL
Red,48:00:00,53:00:00,126,Average,0.106235981,16735.93555,263737.2813,Copy of Image 40_Maximum intensity projection.tif,GRB_R,CTL,1.048140333,1.182360197,VC2792,VC2792_S2,24H,CTL
Red,21:00,20:00,208,Average,0.073274866,11621.66309,120652.0469,Copy of Image 39_Maximum intensity projection.tif,GRB_R,L7,0.727843017,0.540895004,VC2792,VC2792_S6,24H,L_2
Red,24:00:00,8:00,298,Average,0.050808512,12924.14258,91762.42969,Copy of Image 22_Maximum intensity projection.tif,GRB_R,L7,0.809414871,0.411380006,VC2792,VC2792_S7,24H,L_2
Red,27:00:00,11:00,290,Average,0.082261413,12434.70801,156946.3906,Copy of Image 23_Maximum intensity projection.tif,GRB_R,L7,0.778762499,0.70360612,VC2792,VC2792_S7,24H,L_2
Red,28:00:00,51:00:00,956,Average,0.074398175,10436.90625,109136.875,Copy of Image 24_Maximum intensity projection.tif,GRB_R,L7,0.653643913,0.489271355,VC2792,VC2792_S7,24H,L_2
Red,30:00:00,36:00:00,964,Average,0.039195139,13968.375,72328.60156,Copy of Image 25_Maximum intensity projection.tif,GRB_R,L7,0.874813194,0.324256241,VC2792,VC2792_S7,24H,L_2
Red,32:00:00,35:00:00,171,Average,0.075607903,17443.17773,188080.0469,Copy of Image 1_Maximum intensity projection.tif,GRB_R,MK4256,1.092433588,0.843181366,VC2792,VC2792_S8,24H,MK_1
Red,34:00:00,24:00:00,146,Average,0.103633232,17006.48828,254164.1094,Copy of Image 3_Maximum intensity projection.tif,GRB_R,MK4256,1.065084544,1.139442724,VC2792,VC2792_S8,24H,MK_1
Red,35:00:00,56:00:00,439,Average,0.080878861,13057.82422,150970.7969,Copy of Image 5_Maximum intensity projection.tif,GRB_R,MK4256,0.817787102,0.676816945,VC2792,VC2792_S8,24H,MK_1
Red,38:00:00,57:00:00,41,Average,0.103885263,16102.11328,233237.0625,Copy of Image 28_Maximum intensity projection.tif,GRB_R,MK4256,1.00844523,1.045624713,VC2792,VC2792_S9,24H,MK_1
Red,43:00:00,23:00,229,Average,0.101617031,16172.63672,249473.5,Copy of Image 30_Maximum intensity projection.tif,GRB_R,MK4256,1.012861981,1.118414261,VC2792,VC2792_S9,24H,MK_1
Red,45:00:00,58:00:00,376,Average,0.059103776,14826.70313,119647.8594,Copy of Image 31_Maximum intensity projection.tif,GRB_R,MK4256,0.928568678,0.536393133,VC2792,VC2792_S9,24H,MK_1
Blue,31:00:00,19:00,298,Average,0.102802075,13890.29102,222361.9219,Copy of Image 11_Maximum intensity projection.tif,GRB_B,CTL,1.036607628,1.11937984,VC2792,VC2792_S1,24H,CTL
Blue,36:00:00,12:00,826,Average,0.089788593,11062.38281,146656.3281,Copy of Image 6_Maximum intensity projection.tif,GRB_B,CTL,0.825565886,0.738274502,VC2792,VC2792_S1,24H,CTL
Blue,39:00:00,6:00,219,Average,0.083874375,11935.13281,142628.7813,Copy of Image 8_Maximum intensity projection.tif,GRB_B,CTL,0.89069766,0.717999652,VC2792,VC2792_S1,24H,CTL
Blue,40:00:00,44:00:00,262,Average,0.095519997,16402.49219,261664.5938,Copy of Image 9_Maximum intensity projection.tif,GRB_B,CTL,1.224088718,1.317231245,VC2792,VC2792_S1,24H,CTL
Blue,44:00:00,54:00:00,329,Average,0.090103775,13980.76465,200009.1094,Copy of Image 33_Maximum intensity projection.tif,GRB_B,CTL,1.043359514,1.006854784,VC2792,VC2792_S2,24H,CTL
Blue,46:00:00,53:00:00,177,Average,0.088828497,13426.19238,177893.7813,Copy of Image 34_Maximum intensity projection.tif,GRB_B,CTL,1.001972775,0.895525236,VC2792,VC2792_S2,24H,CTL
Blue,48:00:00,53:00:00,186,Average,0.106235981,13101.04785,239317.4531,Copy of Image 40_Maximum intensity projection.tif,GRB_B,CTL,0.977707819,1.204734741,VC2792,VC2792_S2,24H,CTL
Blue,21:00,20:00,328,Average,0.073274866,12241.48242,137160.5781,Copy of Image 39_Maximum intensity projection.tif,GRB_B,L7,0.913559985,0.690472473,VC2792,VC2792_S6,24H,L_2
Blue,24:00:00,8:00,409,Average,0.050808512,11291.20801,74119.57031,Copy of Image 22_Maximum intensity projection.tif,GRB_B,L7,0.842642702,0.373121225,VC2792,VC2792_S7,24H,L_2
Blue,27:00:00,11:00,375,Average,0.082261413,9147.933594,119687.3906,Copy of Image 23_Maximum intensity projection.tif,GRB_B,L7,0.682693957,0.602511667,VC2792,VC2792_S7,24H,L_2
Blue,28:00:00,52:00:00,38,Average,0.074398175,9541.251953,96355.875,Copy of Image 24_Maximum intensity projection.tif,GRB_B,L7,0.712046605,0.485059776,VC2792,VC2792_S7,24H,L_2
Blue,30:00:00,37:00:00,56,Average,0.039195139,6409.5,40365.60156,Copy of Image 25_Maximum intensity projection.tif,GRB_B,L7,0.478329546,0.20320224,VC2792,VC2792_S7,24H,L_2
Blue,32:00:00,35:00:00,234,Average,0.075607903,9875.47168,118055.625,Copy of Image 1_Maximum intensity projection.tif,GRB_B,MK4256,0.736988826,0.594297286,VC2792,VC2792_S8,24H,MK_1
Blue,34:00:00,24:00:00,216,Average,0.103633232,12408.87305,184466.7188,Copy of Image 3_Maximum intensity projection.tif,GRB_B,MK4256,0.926052049,0.928613696,VC2792,VC2792_S8,24H,MK_1
Blue,35:00:00,56:00:00,509,Average,0.080878861,14571.08789,172744,Copy of Image 5_Maximum intensity projection.tif,GRB_B,MK4256,1.087414284,0.869601007,VC2792,VC2792_S8,24H,MK_1
Blue,38:00:00,57:00:00,110,Average,0.103885263,10259.5459,168223.875,Copy of Image 28_Maximum intensity projection.tif,GRB_B,MK4256,0.7656516,0.846846496,VC2792,VC2792_S9,24H,MK_1
Blue,43:00:00,23:00,318,Average,0.101617031,9630.183594,147751.7188,Copy of Image 30_Maximum intensity projection.tif,GRB_B,MK4256,0.718683414,0.743788748,VC2792,VC2792_S9,24H,MK_1
Blue,45:00:00,58:00:00,476,Average,0.059103776,11753.57813,106641.4297,Copy of Image 31_Maximum intensity projection.tif,GRB_B,MK4256,0.877148559,0.536837717,VC2792,VC2792_S9,24H,MK_1
Red,8:02,3:05,91,Average,0.070769005,15105.80176,152913.0469,Copy of Image 35_Maximum intensity projection.tif,GRB_R,CTL,0.878031627,0.590783662,VC2794,VC2794_S1,24H,CTL
Red,0:00,8:09,4,Average,0.115818158,19592.85547,336328.3125,Copy of Image 37_Maximum intensity projection.tif,GRB_R,CTL,1.138843674,1.299413465,VC2794,VC2794_S1,24H,CTL
Red,1:01,5:01,42,Average,0.136941046,17875.12891,347402.0625,Copy of Image 40_Maximum intensity projection.tif,GRB_R,CTL,1.039000033,1.342197195,VC2794,VC2794_S1,24H,CTL
Red,2:03,7:05,38,Average,0.088189065,14736.78613,196767.5,Copy of Image 51_Maximum intensity projection.tif,GRB_R,CTL,0.856582425,0.760216519,VC2794,VC2794_S2,24H,CTL
Red,3:02,9:07,83,Average,0.075970836,14977.86621,160996.7969,Copy of Image 53_Maximum intensity projection.tif,GRB_R,CTL,0.870595315,0.622015447,VC2794,VC2794_S2,24H,CTL
Red,44:00:00,35:00:00,176,Average,0.103068702,14118.35547,236638,CTL 10.tif,GRB_R,CTL,0.820635861,0.914257266,VC2794,VC2794_S7,24H,CTL
Red,48:00:00,4:00,930,Average,0.10142602,24022.36719,380770.3438,CTL8.tif,GRB_R,CTL,1.396311066,1.471116446,VC2794,VC2794_S7,24H,CTL
Red,13:00,4:00,396,Average,0.081086248,16734.30078,201533.2031,2L_14.tif,GRB_R,L7,0.972688877,0.778628941,VC2794,VC2794_S11,24H,L_2
Red,15:00,28:00:00,517,Average,0.060706273,19410.18555,172833.4531,2L_15.tif,GRB_R,L7,1.128225901,0.667746686,VC2794,VC2794_S11,24H,L_2
Blue,8:02,3:07,31,Average,0.070769005,9288.741211,108404.75,Copy of Image 35_Maximum intensity projection.tif,GRB_B,CTL,0.908092498,0.670252603,VC2794,VC2794_S1,24H,CTL
Blue,0:00,9:02,34,Average,0.115818158,8821.884766,147440.6563,Copy of Image 37_Maximum intensity projection.tif,GRB_B,CTL,0.862451347,0.911606583,VC2794,VC2794_S1,24H,CTL
Blue,1:01,5:04,42,Average,0.136941046,11471.9502,261953.2656,Copy of Image 40_Maximum intensity projection.tif,GRB_B,CTL,1.121528921,1.619623293,VC2794,VC2794_S1,24H,CTL
Blue,2:03,7:09,12,Average,0.088189065,10695.62793,143668.0938,Copy of Image 51_Maximum intensity projection.tif,GRB_B,CTL,1.045633554,0.888281315,VC2794,VC2794_S2,24H,CTL
Blue,3:02,9:09,13,Average,0.075970836,9281.619141,100987.5313,Copy of Image 53_Maximum intensity projection.tif,GRB_B,CTL,0.907396225,0.624392895,VC2794,VC2794_S2,24H,CTL
Blue,44:00:00,35:00:00,356,Average,0.103068702,7777.239258,136692.2656,CTL 10.tif,GRB_B,CTL,0.760323973,0.845150668,VC2794,VC2794_S7,24H,CTL
Blue,48:00:00,5:00,80,Average,0.10142602,14264.88184,233013.5313,CTL8.tif,GRB_B,CTL,1.394573482,1.440692644,VC2794,VC2794_S7,24H,CTL
Blue,13:00,4:00,706,Average,0.081086248,8952.547852,106886.375,2L_14.tif,GRB_B,L7,0.875225324,0.660864686,VC2794,VC2794_S11,24H,L_2
Blue,15:00,28:00:00,777,Average,0.060706273,10423.08203,91495.27344,2L_15.tif,GRB_B,L7,1.018988728,0.565703488,VC2794,VC2794_S11,24H,L_2
Red,52:00:00,3:00,910,Average,0.045137912,17565.57031,112189.4375,CTL19.tif,GRB_R,CTL,0.856568206,0.744029198,VC2798,VC2798_S1,24H,CTL
Red,53:00:00,42:00:00,19,Average,0.051171422,22260.94922,168714.75,CTL20.tif,GRB_R,CTL,1.08553386,1.118899451,VC2798,VC2798_S1,24H,CTL
Red,57:00:00,22:00,980,Average,0.050203647,17809.0332,129488.0391,CTL22.tif,GRB_R,CTL,0.868440441,0.858751804,VC2798,VC2798_S1,24H,CTL
Red,58:00:00,51:00:00,260,Average,0.047582578,25007.06641,163155,CTL23.tif,GRB_R,CTL,1.219445633,1.082027742,VC2798,VC2798_S2,24H,CTL
Red,0:00,9:00,565,Average,0.049356833,17927.10547,143829.25,CTL24.tif,GRB_R,CTL,0.874198122,0.953861289,VC2798,VC2798_S2,24H,CTL
Red,1:00,36:00:00,760,Average,0.057407018,22471.75781,187341.5469,CTL25.tif,GRB_R,CTL,1.095813739,1.242430517,VC2798,VC2798_S2,24H,CTL
Red,13:00,14:00,50,Average,0.040283889,12264.76367,68629.79688,2L 13.tif,GRB_R,L7,0.598079449,0.455145991,VC2798,VC2798_S7,24H,L_2
Red,0:04,0:09,17,Average,0.071131915,17276.14063,176409.4063,2L 15.tif,GRB_R,L7,0.842454445,1.169929647,VC2798,VC2798_S7,24H,L_2
Red,15:00,57:00:00,352,Average,0.04717933,12678.05176,76148.16406,2L  26.tif,GRB_R,L7,0.618233047,0.505007055,VC2798,VC2798_S8,24H,L_2
Red,17:00,37:00:00,665,Average,0.04500182,16544.11133,106962.7969,2L 27.tif,GRB_R,L7,0.806757738,0.709366637,VC2798,VC2798_S8,24H,L_2
Red,19:00,44:00:00,17,Average,0.055427466,20923.66406,166630.3594,2L 29.tif,GRB_R,L7,1.02032243,1.10507598,VC2798,VC2798_S8,24H,L_2
Blue,52:00:00,3:00,980,Average,0.045137912,5239.202148,33446.46875,CTL19.tif,GRB_B,CTL,0.995444055,0.88154187,VC2798,VC2798_S1,24H,CTL
Blue,53:00:00,42:00:00,240,Average,0.051171422,5438.313477,40017.39844,CTL20.tif,GRB_B,CTL,1.033275043,1.054730546,VC2798,VC2798_S1,24H,CTL
Blue,57:00:00,23:00,220,Average,0.050203647,5248.131836,39173.375,CTL22.tif,GRB_B,CTL,0.997140689,1.03248479,VC2798,VC2798_S1,24H,CTL
Blue,58:00:00,51:00:00,500,Average,0.047582578,5239.367188,37647.66797,CTL23.tif,GRB_B,CTL,0.995475413,0.992272035,VC2798,VC2798_S2,24H,CTL
Blue,0:00,9:00,795,Average,0.049356833,5051.504883,34546.14844,CTL24.tif,GRB_B,CTL,0.959781731,0.910525907,VC2798,VC2798_S2,24H,CTL
Blue,1:00,36:00:00,990,Average,0.057407018,5362.565918,42814.18359,CTL25.tif,GRB_B,CTL,1.018883069,1.128444852,VC2798,VC2798_S2,24H,CTL
Blue,13:00,14:00,270,Average,0.040283889,4628.366211,27191.25,2L 13.tif,GRB_B,L7,0.879385735,0.716674324,VC2798,VC2798_S7,24H,L_2
Blue,0:04,0:09,97,Average,0.071131915,5551.291992,63400.19922,2L 15.tif,GRB_B,L7,1.054740867,1.671026338,VC2798,VC2798_S7,24H,L_2
Blue,15:00,57:00:00,582,Average,0.04717933,4082.508545,29692.16602,2L  26.tif,GRB_B,L7,0.775673232,0.782590466,VC2798,VC2798_S8,24H,L_2
Blue,17:00,37:00:00,895,Average,0.04500182,4140.845215,24226.33398,2L 27.tif,GRB_B,L7,0.786757151,0.638528627,VC2798,VC2798_S8,24H,L_2
Blue,19:00,44:00:00,247,Average,0.055427466,4648.747559,38696.72656,2L 29.tif,GRB_B,L7,0.883258174,1.019921862,VC2798,VC2798_S8,24H,L_2
Red,37:00:00,58:00:00,66,Average,0.059992567,15357.05078,136154.0781,ctl_12.tif,GRB_R,CTL,1.003884801,0.916532943,VC2822,VC2822_S1,24H,CTL
Red,39:00:00,32:00:00,536,Average,0.065325215,16352.31641,162350.25,ctl_13.tif,GRB_R,CTL,1.068944952,1.092874738,VC2822,VC2822_S1,24H,CTL
Red,41:00:00,17:00,908,Average,0.061416887,14657.90234,123805.7656,ctl_14.tif,GRB_R,CTL,0.958181723,0.83340921,VC2822,VC2822_S1,24H,CTL
Red,42:00:00,25:00:00,940,Average,0.060358983,16520.29688,149278.3125,ctl_16.tif,GRB_R,CTL,1.079925774,1.004879861,VC2822,VC2822_S1,24H,CTL
Red,43:00:00,35:00:00,685,Average,0.065913744,12615.27832,136083.8125,ctl_21.tif,GRB_R,CTL,0.824656137,0.916059944,VC2822,VC2822_S2,24H,CTL
Red,45:00:00,20:00,52,Average,0.060108278,14148.59668,125081.9688,ctl_22.tif,GRB_R,CTL,0.924888598,0.842000082,VC2822,VC2822_S2,24H,CTL
Red,47:00:00,12:00,631,Average,0.063163161,15738.36719,156718.8906,ctl_23.tif,GRB_R,CTL,1.028811316,1.054966756,VC2822,VC2822_S2,24H,CTL
Red,48:00:00,59:00:00,458,Average,0.076616019,16991.17188,198954.0625,ctl_3.tif,GRB_R,CTL,1.110706701,1.339276465,VC2822,VC2822_S3,24H,CTL
Red,53:00:00,46:00:00,965,Average,0.058470104,16174.39941,134564.1719,L_10.tif,GRB_R,L7,1.057314582,0.905830352,VC2822,VC2822_S4,24H,L_2
Red,55:00:00,26:00:00,124,Average,0.047324494,14316.61328,97573.20313,L_17.tif,GRB_R,L7,0.935871782,0.656822449,VC2822,VC2822_S5,24H,L_2
Red,57:00:00,5:00,332,Average,0.056041285,13143.16406,108471.8125,L_18.tif,GRB_R,L7,0.859163835,0.73018738,VC2822,VC2822_S5,24H,L_2
Red,58:00:00,45:00:00,290,Average,0.041316804,12198.33203,72799.38281,L_19.tif,GRB_R,L7,0.79740051,0.490055337,VC2822,VC2822_S5,24H,L_2
Red,0:00,12:00,814,Average,0.058369305,14362.91504,119849.7109,L_20.tif,GRB_R,L7,0.938898511,0.806778686,VC2822,VC2822_S5,24H,L_2
Red,1:00,58:00:00,543,Average,0.054873191,13189.59766,113832.9219,L_7.tif,GRB_R,L7,0.862199182,0.766276151,VC2822,VC2822_S4,24H,L_2
Red,3:00,23:00,342,Average,0.056684319,17097.8418,148903.9531,L_8.tif,GRB_R,L7,1.117679674,1.002359828,VC2822,VC2822_S4,24H,L_2
Red,6:00,3:00,699,Average,0.056185093,14913.42871,123248.5156,L_9.tif,GRB_R,L7,0.974885388,0.829658034,VC2822,VC2822_S4,24H,L_2
Blue,37:00:00,58:00:00,364,Average,0.059992567,14449.26172,133078.5156,ctl_12.tif,GRB_B,CTL,1.317379263,1.263116876,VC2822,VC2822_S1,24H,CTL
Blue,39:00:00,32:00:00,868,Average,0.065325215,10593.94043,105480.9375,ctl_13.tif,GRB_B,CTL,0.965878929,1.001174019,VC2822,VC2822_S1,24H,CTL
Blue,41:00:00,18:00,204,Average,0.061416887,12050.88965,103417.5391,ctl_14.tif,GRB_B,CTL,1.09871303,0.98158924,VC2822,VC2822_S1,24H,CTL
Blue,42:00:00,26:00:00,208,Average,0.060358983,7807.097168,74238.21094,ctl_16.tif,GRB_B,CTL,0.7117947,0.704633176,VC2822,VC2822_S1,24H,CTL
Blue,43:00:00,35:00:00,825,Average,0.065913744,10212.21777,99099.78125,ctl_21.tif,GRB_B,CTL,0.931076216,0.940607172,VC2822,VC2822_S2,24H,CTL
Blue,45:00:00,20:00,333,Average,0.060108278,8063.875,72471.21875,ctl_22.tif,GRB_B,CTL,0.735205847,0.687861741,VC2822,VC2822_S2,24H,CTL
Blue,47:00:00,13:00,87,Average,0.063163161,13852.45996,145812.875,ctl_23.tif,GRB_B,CTL,1.262967192,1.383985254,VC2822,VC2822_S2,24H,CTL
Blue,48:00:00,59:00:00,772,Average,0.076616019,10715.75195,109258.8906,ctl_3.tif,GRB_B,CTL,0.976984823,1.037032522,VC2822,VC2822_S3,24H,CTL
Blue,53:00:00,47:00:00,325,Average,0.058470104,9230.933594,89135.16406,L_10.tif,GRB_B,L7,0.841609816,0.846027847,VC2822,VC2822_S4,24H,L_2
Blue,55:00:00,26:00:00,454,Average,0.047324494,10099.90918,61773.71875,L_17.tif,GRB_B,L7,0.92083673,0.586326248,VC2822,VC2822_S5,24H,L_2
Blue,57:00:00,5:00,707,Average,0.056041285,8655.707031,72448.76563,L_18.tif,GRB_B,L7,0.789164815,0.687648627,VC2822,VC2822_S5,24H,L_2
Blue,58:00:00,45:00:00,667,Average,0.041316804,9863.811523,65330.73047,L_19.tif,GRB_B,L7,0.899311052,0.620087682,VC2822,VC2822_S5,24H,L_2
Blue,0:00,13:00,239,Average,0.058369305,10942.08496,91857,L_20.tif,GRB_B,L7,0.997620231,0.871862197,VC2822,VC2822_S5,24H,L_2
Blue,1:00,58:00:00,683,Average,0.054873191,10552.5625,79697.24219,L_7.tif,GRB_B,L7,0.962106388,0.756447659,VC2822,VC2822_S4,24H,L_2
Blue,3:00,23:00,767,Average,0.056684319,9816.00293,74598.47656,L_8.tif,GRB_B,L7,0.89495221,0.708052643,VC2822,VC2822_S4,24H,L_2
Blue,6:00,4:00,123,Average,0.056185093,9612.447266,90057.29688,L_9.tif,GRB_B,L7,0.876393475,0.854780285,VC2822,VC2822_S4,24H,L_2
Red,3:05,6:03,49,Average,0.086562663,14578.69141,184606.1406,ctl_10.tif,GRB_R,CTL,1.003691129,0.987292581,VC2823,VC2823_S1,24H,CTL
Red,6:04,4:06,7,Average,0.10343162,12026.66309,177086.5,ctl_11.tif,GRB_R,CTL,0.827993042,0.947076771,VC2823,VC2823_S2,24H,CTL
Red,7:00,3:06,95,Average,0.07149484,18357.17578,193317.2969,ctl_12.tif,GRB_R,CTL,1.263826359,1.033880738,VC2823,VC2823_S2,24H,CTL
Red,8:03,2:01,30,Average,0.09244857,14379.67285,201142.2031,ctl_1.tif,GRB_R,CTL,0.989989408,1.07572914,VC2823,VC2823_S3,24H,CTL
Red,0:03,5:01,4,Average,0.075970836,10672.69727,113793.3984,ctl_2.tif,GRB_R,CTL,0.734777304,0.60857877,VC2823,VC2823_S3,24H,CTL
Red,3:03,1:09,24,Average,0.099466391,17135.56445,251947.6719,ctl_9_maybedrop.tif,GRB_R,CTL,1.179722757,1.347442,VC2823,VC2823_S1,24H,CTL
Red,5:04,3:05,4,Average,0.100407295,17845.57227,280616.8438,m_13.tif,GRB_R,MK,1.228604274,1.500767672,VC2823,VC2823_S5,24H,MK_1
Red,7:02,6:02,31,Average,0.105246194,18868.2832,293516.75,m_14.tif,GRB_R,MK,1.29901429,1.569757694,VC2823,VC2823_S5,24H,MK_1
Red,9:01,0:03,74,Average,0.107459135,16011.33984,252850.7344,m_15.tif,GRB_R,MK,1.102323886,1.35227167,VC2823,VC2823_S6,24H,MK_1
Red,0:03,5:07,6,Average,0.102319464,18633.58203,300643.4688,m_16.tif,GRB_R,MK,1.282855948,1.607872118,VC2823,VC2823_S6,24H,MK_1
Red,2:02,8:08,5,Average,0.114016719,14126.40723,235176.0781,m_4.tif,GRB_R,MK,0.972552969,1.257745795,VC2823,VC2823_S7,24H,MK_1
Red,4:01,0:08,87,Average,0.114963017,21362.92383,360207.6563,m_5.tif,GRB_R,MK,1.470761438,1.926427504,VC2823,VC2823_S7,24H,MK_1
Blue,3:05,6:05,49,Average,0.086562663,18379.82617,233670.5938,ctl_10.tif,GRB_B,CTL,1.326993492,1.28849047,VC2823,VC2823_S1,24H,CTL
Blue,6:04,4:07,47,Average,0.10343162,14733.37305,227744.875,ctl_11.tif,GRB_B,CTL,1.06372552,1.255815275,VC2823,VC2823_S2,24H,CTL
Blue,7:00,3:09,25,Average,0.07149484,15016.95801,157625.75,ctl_12.tif,GRB_B,CTL,1.084199892,0.869169173,VC2823,VC2823_S2,24H,CTL
Blue,8:03,2:05,30,Average,0.09244857,9873.099609,139026.625,ctl_1.tif,GRB_B,CTL,0.7128217,0.766611145,VC2823,VC2823_S3,24H,CTL
Blue,0:03,5:02,54,Average,0.075970836,11552.64258,117872.6016,ctl_2.tif,GRB_B,CTL,0.834081965,0.64996507,VC2823,VC2823_S3,24H,CTL
Blue,3:03,2:01,84,Average,0.099466391,13548.46973,212172.8125,ctl_9_maybedrop.tif,GRB_B,CTL,0.978177432,1.169948869,VC2823,VC2823_S1,24H,CTL
Red,37:00:00,54:00:00,574,Average,0.056453902,21338.92188,188997.7813,Copy of Image 39_Maximum intensity projection.tif,GRB_R,CTL,0.870996421,0.619022092,VC2782,VC2782_S1,18H,CTL
Red,43:00:00,1:00,912,Average,0.108545467,36478.15234,579238.9375,Copy of Image 41_Maximum intensity projection.tif,GRB_R,CTL,1.488938398,1.897174116,VC2782,VC2782_S1,18H,CTL
Red,47:00:00,56:00:00,379,Average,0.063345678,25512.65625,265706.7188,Copy of Image 43_Maximum intensity projection.tif,GRB_R,CTL,1.041356842,0.870265924,VC2782,VC2782_S1,18H,CTL
Red,52:00:00,20:00,475,Average,0.119037077,26263.12891,441729,Copy of Image 45_Maximum intensity projection.tif,GRB_R,CTL,1.071989083,1.446789521,VC2782,VC2782_S1,18H,CTL
Red,56:00:00,18:00,817,Average,0.104178801,23415.2832,383141.9375,Copy of Image 48_Maximum intensity projection.tif,GRB_R,CTL,0.955747811,1.254900041,VC2782,VC2782_S1,18H,CTL
Red,58:00:00,39:00:00,758,Average,0.081224494,22521.11328,255805.2813,Copy of Image 13_Maximum intensity projection.tif,GRB_R,CTL,0.919250241,0.837835869,VC2782,VC2782_S2,18H,CTL
Red,0:00,54:00:00,307,Average,0.072324373,24428.22852,256770.4688,Copy of Image 14_Maximum intensity projection.tif,GRB_R,CTL,0.997093468,0.840997135,VC2782,VC2782_S2,18H,CTL
Red,2:00,46:00:00,680,Average,0.063251413,19920.85742,153517.7188,Copy of Image 15_Maximum intensity projection.tif,GRB_R,CTL,0.813114909,0.502814682,VC2782,VC2782_S2,18H,CTL
Red,7:00,12:00,874,Average,0.082997754,23434.20898,287650.9688,Copy of Image 17_Maximum intensity projection.tif,GRB_R,CTL,0.95652031,0.942139654,VC2782,VC2782_S2,18H,CTL
Red,9:00,46:00:00,461,Average,0.0774225,21681.81836,240608.1719,Copy of Image 29_Maximum intensity projection.tif,GRB_R,CTL,0.884992518,0.788060965,VC2782,VC2782_S3,18H,CTL
Red,34:00:00,34:00:00,282,Average,0.118855648,25332.76563,467272.4063,Copy of Image 18_Maximum intensity projection.tif,GRB_R,MK4256,1.034014199,1.530451523,VC2782,VC2782_S4,18H,MK_1
Red,36:00:00,51:00:00,543,Average,0.099197567,25051.72852,363854.4688,Copy of Image 20_Maximum intensity projection.tif,GRB_R,MK4256,1.022543033,1.191728034,VC2782,VC2782_S4,18H,MK_1
Red,40:00:00,23:00,166,Average,0.097987853,35920.62891,478564.875,Copy of Image 24_Maximum intensity projection.tif,GRB_R,MK4256,1.466181816,1.567437606,VC2782,VC2782_S4,18H,MK_1
Red,43:00:00,13:00,855,Average,0.070768997,20242.9375,227140,Copy of Image 10_Maximum intensity projection.tif,GRB_R,MK4256,0.826261337,0.743948828,VC2782,VC2782_S5,18H,MK_1
Red,45:00:00,36:00:00,807,Average,0.066686176,18261.98242,167939,Copy of Image 12_Maximum intensity projection.tif,GRB_R,MK4256,0.745404169,0.550048526,VC2782,VC2782_S5,18H,MK_1
Red,48:00:00,54:00:00,114,Average,0.083067894,24487.21289,307729,Copy of Image 4_Maximum intensity projection.tif,GRB_R,MK4256,0.999501049,1.007900981,VC2782,VC2782_S5,18H,MK_1
Red,52:00:00,18:00,353,Average,0.106235981,23699.75195,340018.625,Copy of Image 6_Maximum intensity projection.tif,GRB_R,MK4256,0.967359047,1.11365879,VC2782,VC2782_S5,18H,MK_1
Red,53:00:00,27:00:00,769,Average,0.092284858,25089.13477,339259.1563,Copy of Image 8_Maximum intensity projection.tif,GRB_R,MK4256,1.024069853,1.111171312,VC2782,VC2782_S5,18H,MK_1
Red,55:00:00,28:00:00,472,Average,0.092181161,25198.33203,330059.75,Copy of Image 51_Maximum intensity projection.tif,GRB_R,MK4256,1.028526987,1.08104061,VC2782,VC2782_S6,18H,MK_1
Red,58:00:00,46:00:00,32,Average,0.095504731,24227.1875,311808.9063,Copy of Image 52_Maximum intensity projection.tif,GRB_R,MK4256,0.988887524,1.021263848,VC2782,VC2782_S6,18H,MK_1
Red,4:00,24:00:00,245,Average,0.096294239,27968.0957,375715.375,Copy of Image 56_Maximum intensity projection.tif,GRB_R,MK4256,1.141581164,1.230575913,VC2782,VC2782_S6,18H,MK_1
Blue,37:00:00,54:00:00,694,Average,0.056453902,10539.62891,79199.89063,Copy of Image 39_Maximum intensity projection.tif,GRB_B,CTL,0.731577013,0.447924109,VC2782,VC2782_S1,18H,CTL
Blue,43:00:00,1:00,962,Average,0.108545467,15265.18066,249440.9063,Copy of Image 41_Maximum intensity projection.tif,GRB_B,CTL,1.059587141,1.410741792,VC2782,VC2782_S1,18H,CTL
Blue,47:00:00,56:00:00,459,Average,0.063345678,11547.07129,110050.3672,Copy of Image 43_Maximum intensity projection.tif,GRB_B,CTL,0.801505631,0.622402534,VC2782,VC2782_S1,18H,CTL
Blue,52:00:00,20:00,525,Average,0.119037077,14595.91699,231420.4063,Copy of Image 45_Maximum intensity projection.tif,GRB_B,CTL,1.013132193,1.308824778,VC2782,VC2782_S1,18H,CTL
Blue,56:00:00,18:00,887,Average,0.104178801,15749.00781,238859.9375,Copy of Image 48_Maximum intensity projection.tif,GRB_B,CTL,1.093170565,1.350899904,VC2782,VC2782_S1,18H,CTL
Blue,58:00:00,39:00:00,808,Average,0.081224494,15370.93555,187798.625,Copy of Image 13_Maximum intensity projection.tif,GRB_B,CTL,1.066927803,1.062116767,VC2782,VC2782_S2,18H,CTL
Blue,0:00,54:00:00,357,Average,0.072324373,14311.41992,156736.1406,Copy of Image 14_Maximum intensity projection.tif,GRB_B,CTL,0.993384674,0.886439306,VC2782,VC2782_S2,18H,CTL
Blue,2:00,46:00:00,740,Average,0.063251413,19785.20898,197572.7188,Copy of Image 15_Maximum intensity projection.tif,GRB_B,CTL,1.373331472,1.11739528,VC2782,VC2782_S2,18H,CTL
Blue,7:00,12:00,924,Average,0.082997754,13464.03027,173829.9063,Copy of Image 17_Maximum intensity projection.tif,GRB_B,CTL,0.934565641,0.983115068,VC2782,VC2782_S2,18H,CTL
Blue,9:00,46:00:00,511,Average,0.0774225,13438.85059,143245.3281,Copy of Image 29_Maximum intensity projection.tif,GRB_B,CTL,0.932817868,0.810140461,VC2782,VC2782_S3,18H,CTL
Blue,34:00:00,34:00:00,342,Average,0.118855648,18108.86914,337289.375,Copy of Image 18_Maximum intensity projection.tif,GRB_B,MK4256,1.256973324,1.907578931,VC2782,VC2782_S4,18H,MK_1
Blue,36:00:00,51:00:00,603,Average,0.099197567,17400.72461,248664.1875,Copy of Image 20_Maximum intensity projection.tif,GRB_B,MK4256,1.207819577,1.40634897,VC2782,VC2782_S4,18H,MK_1
Blue,40:00:00,23:00,216,Average,0.097987853,20407.73242,272888.3125,Copy of Image 24_Maximum intensity projection.tif,GRB_B,MK4256,1.416542086,1.5433513,VC2782,VC2782_S4,18H,MK_1
Blue,43:00:00,13:00,905,Average,0.070768997,14226.60938,149505,Copy of Image 10_Maximum intensity projection.tif,GRB_B,MK4256,0.987497803,0.845542757,VC2782,VC2782_S5,18H,MK_1
Blue,45:00:00,36:00:00,917,Average,0.066686176,15062.92383,173305.8125,Copy of Image 12_Maximum intensity projection.tif,GRB_B,MK4256,1.045548085,0.980150995,VC2782,VC2782_S5,18H,MK_1
Blue,48:00:00,54:00:00,174,Average,0.083067894,15775.48242,197832.8906,Copy of Image 4_Maximum intensity projection.tif,GRB_B,MK4256,1.095008221,1.118866712,VC2782,VC2782_S5,18H,MK_1
Blue,52:00:00,18:00,403,Average,0.106235981,13499.95215,206891.4531,Copy of Image 6_Maximum intensity projection.tif,GRB_B,MK4256,0.937059051,1.170098456,VC2782,VC2782_S5,18H,MK_1
Blue,53:00:00,27:00:00,819,Average,0.092284858,19267.48633,268356.8125,Copy of Image 8_Maximum intensity projection.tif,GRB_B,MK4256,1.337395293,1.51772288,VC2782,VC2782_S5,18H,MK_1
Blue,55:00:00,28:00:00,532,Average,0.092181161,17112.18359,250190.8438,Copy of Image 51_Maximum intensity projection.tif,GRB_B,MK4256,1.18779136,1.41498315,VC2782,VC2782_S6,18H,MK_1
Blue,58:00:00,46:00:00,82,Average,0.095504731,18300.87891,272861.0938,Copy of Image 52_Maximum intensity projection.tif,GRB_B,MK4256,1.270301112,1.543197362,VC2782,VC2782_S6,18H,MK_1
Blue,4:00,24:00:00,315,Average,0.096294239,15756.28613,225086.5313,Copy of Image 56_Maximum intensity projection.tif,GRB_B,MK4256,1.093675768,1.273002818,VC2782,VC2782_S6,18H,MK_1
Red,2:04,5:02,6,Average,0.047324494,18313.12891,127302.3594,ctl 18.tif,GRB_R,CTL,1.041250676,0.851925125,VC2808,VC2808_S1,18H,CTL
Red,3:01,4:08,84,Average,0.075809531,21278.24219,238150.1094,ctl 1.tif,GRB_R,CTL,1.209841539,1.593733711,VC2808,VC2808_S2,18H,CTL
Red,3:02,8:06,90,Average,0.050647207,15432.25879,115365.8203,ctl 20.tif,GRB_R,CTL,0.877449723,0.772044142,VC2808,VC2808_S1,18H,CTL
Red,4:00,7:03,68,Average,0.065516256,20106.32422,201358.7969,ctl 32.tif,GRB_R,CTL,1.143208448,1.347521122,VC2808,VC2808_S3,18H,CTL
Red,4:03,9:07,11,Average,0.057703953,18469.99805,157523.5781,ctl 34.tif,GRB_R,CTL,1.050169965,1.054169731,VC2808,VC2808_S3,18H,CTL
Red,5:00,4:00,96,Average,0.056565132,17199.18555,138515.2813,ctl 36.tif,GRB_R,CTL,0.977913914,0.92696356,VC2808,VC2808_S3,18H,CTL
Red,5:01,9:05,31,Average,0.052386418,16166.375,116474.2578,ctl 38.tif,GRB_R,CTL,0.919190214,0.77946196,VC2808,VC2808_S4,18H,CTL
Red,5:03,8:03,61,Average,0.06532523,16307.12793,159363.8594,ctl 40.tif,GRB_R,CTL,0.927193166,1.066485149,VC2808,VC2808_S4,18H,CTL
Red,5:05,1:05,21,Average,0.041476335,14957.66699,90617.07031,ctl 41.tif,GRB_R,CTL,0.85046531,0.606422059,VC2808,VC2808_S4,18H,CTL
Red,6:00,7:08,6,Average,0.064236477,18438.73828,171619.5469,ctl 5.tif,GRB_R,CTL,1.048392592,1.148501918,VC2808,VC2808_S5,18H,CTL
Red,3:02,0:06,39,Average,0.053384054,16794.85547,127428.8359,ctl 7.tif,GRB_R,CTL,0.954924453,0.852771523,VC2808,VC2808_S5,18H,CTL
Red,9:01,3:00,73,Average,0.049719755,17388.92578,149856.1563,2 L73.tif,GRB_R,L7,0.988702193,1.002858276,VC2808,VC2808_S9,18H,L_2
Red,9:03,8:04,43,Average,0.051662434,19152.68945,143532.5938,2 L75.tif,GRB_R,L7,1.088986537,0.960540114,VC2808,VC2808_S9,18H,L_2
Red,9:05,9:04,22,Average,0.051732302,18263.74609,145779.7344,2 L76.tif,GRB_R,L7,1.03844286,0.975578292,VC2808,VC2808_S9,18H,L_2
Red,0:01,8:01,0,Average,0.047062263,14335.04102,91251.67969,2 L76.tif,GRB_R,L7,0.815063948,0.610668954,VC2808,VC2808_S10,18H,L_2
Red,0:04,0:01,62,Average,0.033267476,14582.82324,63701.41797,2  l7 30.tif,GRB_R,L7,0.829152387,0.426298764,VC2808,VC2808_S10,18H,L_2
Red,1:00,7:03,21,Average,0.043550156,15004.29785,96959.21875,2 l7 53.tif,GRB_R,L7,0.853116655,0.6488646,VC2808,VC2808_S11,18H,L_2
Red,1:02,5:08,48,Average,0.046453491,13612.09863,92553.71094,2 l7 55.tif,GRB_R,L7,0.773958779,0.619382328,VC2808,VC2808_S11,18H,L_2
Red,1:03,9:09,5,Average,0.04877108,14875.56543,106824.2969,2 l7 57.tif,GRB_R,L7,0.845797167,0.714883077,VC2808,VC2808_S11,18H,L_2
Red,3:00,4:05,46,Average,0.04173556,13056.66797,86167.91406,2 l7 62.tif,GRB_R,L7,0.742378018,0.576647686,VC2808,VC2808_S12,18H,L_2
Red,3:02,7:07,84,Average,0.032662611,14386.94922,64318.83203,2 l7 64.tif,GRB_R,L7,0.818015352,0.430430585,VC2808,VC2808_S12,18H,L_2
Blue,2:04,5:04,35,Average,0.047324494,10019.63965,71236.88281,ctl 18.tif,GRB_B,CTL,1.012799231,0.821795242,VC2808,VC2808_S1,18H,CTL
Blue,3:01,5:01,31,Average,0.075809531,9144.257813,99331.21875,ctl 1.tif,GRB_B,CTL,0.924314407,1.145894089,VC2808,VC2808_S2,18H,CTL
Blue,3:02,8:09,33,Average,0.050647207,11281.91016,74778.91406,ctl 20.tif,GRB_B,CTL,1.140391305,0.862656441,VC2808,VC2808_S1,18H,CTL
Blue,4:00,7:06,52,Average,0.065516256,10190.26758,108880.0234,ctl 32.tif,GRB_B,CTL,1.030046541,1.256049979,VC2808,VC2808_S3,18H,CTL
Blue,4:03,9:09,67,Average,0.057703953,10193.39453,88584.77344,ctl 34.tif,GRB_B,CTL,1.030362618,1.021922106,VC2808,VC2808_S3,18H,CTL
Blue,5:00,4:03,26,Average,0.056565132,10400.75098,86367.24219,ctl 36.tif,GRB_B,CTL,1.051322499,0.996340462,VC2808,VC2808_S3,18H,CTL
Blue,5:01,9:07,85,Average,0.052386418,11877.84961,94858.74219,ctl 38.tif,GRB_B,CTL,1.2006297,1.094299188,VC2808,VC2808_S4,18H,CTL
Blue,5:03,8:06,58,Average,0.06532523,10258.46094,97986,ctl 40.tif,GRB_B,CTL,1.036939622,1.130375522,VC2808,VC2808_S4,18H,CTL
Blue,5:05,1:07,71,Average,0.041476335,5843.269043,38779,ctl 41.tif,GRB_B,CTL,0.590645831,0.447358116,VC2808,VC2808_S4,18H,CTL
Blue,6:00,8:00,56,Average,0.064236477,9885.564453,114056.9531,ctl 5.tif,GRB_B,CTL,0.999246722,1.315771517,VC2808,VC2808_S5,18H,CTL
Blue,3:02,0:07,66,Average,0.053384054,9727.818359,78669.39063,ctl 7.tif,GRB_B,CTL,0.983301525,0.907537337,VC2808,VC2808_S5,18H,CTL
Blue,9:01,3:02,87,Average,0.049719755,8969.62793,58696,2 L73.tif,GRB_B,L7,0.906662573,0.677122463,VC2808,VC2808_S9,18H,L_2
Blue,9:03,8:07,4,Average,0.051662434,7486.977051,56608.58984,2 L75.tif,GRB_B,L7,0.756794143,0.653041907,VC2808,VC2808_S9,18H,L_2
Blue,9:05,9:07,62,Average,0.051732302,10466.0752,73564.5625,2 L76.tif,GRB_B,L7,1.057925562,0.848647569,VC2808,VC2808_S9,18H,L_2
Blue,0:01,8:03,50,Average,0.047062263,6739.390137,46945.93359,2 L76.tif,GRB_B,L7,0.681227009,0.541572614,VC2808,VC2808_S10,18H,L_2
Blue,0:04,0:03,65,Average,0.033267476,6995.041504,31410.91602,2  l7 30.tif,GRB_B,L7,0.707068607,0.362359221,VC2808,VC2808_S10,18H,L_2
Blue,1:00,7:05,51,Average,0.043550156,11792.21582,75738.78125,2 l7 53.tif,GRB_B,L7,1.191973716,0.873729557,VC2808,VC2808_S11,18H,L_2
Blue,1:02,6:01,48,Average,0.046453491,8948.186523,60792.37109,2 l7 55.tif,GRB_B,L7,0.904495246,0.701306393,VC2808,VC2808_S11,18H,L_2
Blue,1:04,0:01,58,Average,0.04877108,9740.155273,70391.42188,2 l7 57.tif,GRB_B,L7,0.984548558,0.812041927,VC2808,VC2808_S11,18H,L_2
Blue,3:00,4:08,36,Average,0.04173556,7499.48291,50483,2 l7 62.tif,GRB_B,L7,0.758058252,0.582376538,VC2808,VC2808_S12,18H,L_2
Blue,3:02,8:00,74,Average,0.032662611,5290.69043,25199.58398,2 l7 64.tif,GRB_B,L7,0.53479041,0.290704722,VC2808,VC2808_S12,18H,L_2
Red,2:02,1:01,5,Average,0.074138954,12202.71387,132252.2188,ctl_10.tif,GRB_R,CTL,0.952093651,1.112310686,VC2819,VC2819_S1,18H,CTL
Red,6:02,2:07,8,Average,0.062264495,13670.35254,128140.6016,ctl_11.tif,GRB_R,CTL,1.06660338,1.077729824,VC2819,VC2819_S1,18H,CTL
Red,9:00,6:05,58,Average,0.071546681,14042.13965,147525.4219,ctl_12.tif,GRB_R,CTL,1.095611365,1.240766354,VC2819,VC2819_S1,18H,CTL
Red,1:03,9:06,78,Average,0.06260334,12183.46973,119047.2734,ctl_13.tif,GRB_R,CTL,0.950592163,1.001250154,VC2819,VC2819_S1,18H,CTL
Red,5:04,5:05,32,Average,0.05668433,12961.19043,98989.42969,ctl_20.tif,GRB_R,CTL,1.011272348,0.832553143,VC2819,VC2819_S2,18H,CTL
Red,0:00,8:03,21,Average,0.060687944,12373.99316,114210.8906,ctl_28.tif,GRB_R,CTL,0.965457393,0.960573632,VC2819,VC2819_S3,18H,CTL
Red,1:05,2:01,59,Average,0.048872944,11762.43066,90633.39844,ctl_29.tif,GRB_R,CTL,0.917741387,0.762274528,VC2819,VC2819_S3,18H,CTL
Red,3:01,6:05,15,Average,0.060123406,13337.4375,120389.8203,ctl_38.tif,GRB_R,CTL,1.040628314,1.012541679,VC2819,VC2819_S4,18H,CTL
Red,7:01,4:00,37,Average,0.069680236,14572.14453,152813.5938,L_15.tif,GRB_R,L7,1.136963993,1.28524266,VC2819,VC2819_S5,18H,L_2
Red,9:00,6:07,82,Average,0.058459211,13396.24707,115182.5703,L_16.tif,GRB_R,L7,1.045216819,0.968745969,VC2819,VC2819_S5,18H,L_2
Red,1:00,1:00,58,Average,0.04974632,9522.396484,65634.84375,L_17.tif,GRB_R,L7,0.74296696,0.552023541,VC2819,VC2819_S5,18H,L_2
Red,3:05,5:08,5,Average,0.049149454,9695.885742,68288.82813,L_18.tif,GRB_R,L7,0.756503131,0.574344945,VC2819,VC2819_S5,18H,L_2
Red,8:03,2:00,3,Average,0.064599387,12924.77441,125425.2969,L_23.tif,GRB_R,L7,1.008431057,1.054892684,VC2819,VC2819_S6,18H,L_2
Red,9:05,9:09,20,Average,0.082019463,16249.65332,196658.3438,L_24.tif,GRB_R,L7,1.26784844,1.654000057,VC2819,VC2819_S6,18H,L_2
Red,5:02,1:08,58,Average,0.072438426,13432.48047,146405.2656,L_30.tif,GRB_R,L7,1.048043862,1.23134525,VC2819,VC2819_S7,18H,L_2
Red,8:04,0:04,25,Average,0.035946149,8044.259766,40209.19141,L_31.tif,GRB_R,L7,0.627638141,0.338180438,VC2819,VC2819_S7,18H,L_2
Red,9:04,5:06,70,Average,0.08512076,14736.41797,191259.4531,L_32.tif,GRB_R,L7,1.149781117,1.608592548,VC2819,VC2819_S7,18H,L_2
Red,1:00,9:06,8,Average,0.057566289,11843.03125,102050.4453,L_33.tif,GRB_R,L7,0.924030095,0.858297894,VC2819,VC2819_S8,18H,L_2
Red,4:04,1:02,13,Average,0.042340416,11017.60742,65385.60938,L_35.tif,GRB_R,L7,0.859627963,0.549927349,VC2819,VC2819_S8,18H,L_2
Red,6:05,1:03,62,Average,0.076078363,15069.83984,181888.8125,L_43.tif,GRB_R,L7,1.175795727,1.529780534,VC2819,VC2819_S9,18H,L_2
Red,8:01,2:06,25,Average,0.06962648,11341.89453,121684.4453,L_44.tif,GRB_R,L7,0.884929851,1.023430156,VC2819,VC2819_S9,18H,L_2
Red,9:05,7:01,9,Average,0.063964278,11415.89648,108329.5,L_46.tif,GRB_R,L7,0.890703713,0.911108045,VC2819,VC2819_S10,18H,L_2
Red,1:03,4:01,71,Average,0.06034806,13079.22754,118948.5156,L_47.tif,GRB_R,L7,1.02048197,1.000419549,VC2819,VC2819_S10,18H,L_2
Red,3:01,4:08,37,Average,0.041735556,10850.02832,65870.875,L_57.tif,GRB_R,L7,0.846552921,0.554008688,VC2819,VC2819_S11,18H,L_2
Red,4:05,5:06,94,Average,0.058231831,12120.81152,107408.4766,L_58.tif,GRB_R,L7,0.945703375,0.903361754,VC2819,VC2819_S11,18H,L_2
Red,6:03,8:02,15,Average,0.061177593,15248.91406,137568.5469,L_59.tif,GRB_R,L7,1.189767654,1.157023801,VC2819,VC2819_S11,18H,L_2
Red,0:04,8:00,40,Average,0.066903129,16060.66895,151863.3906,m_2.tif,GRB_R,MK4256,1.253103293,1.277250951,VC2819,VC2819_S12,18H,MK_1
Red,3:00,4:00,14,Average,0.058351506,10504.98633,90242.41406,m_39.tif,GRB_R,MK4256,0.819631673,0.758986144,VC2819,VC2819_S13,18H,MK_1
Red,6:00,4:03,68,Average,0.054236069,11607.22363,94490.5,m_40.tif,GRB_R,MK4256,0.905631652,0.79471478,VC2819,VC2819_S13,18H,MK_1
Red,9:05,7:02,10,Average,0.068358585,12211.67773,124728.1172,m_4.tif,GRB_R,MK4256,0.952793039,1.049029036,VC2819,VC2819_S12,18H,MK_1
Red,1:02,9:00,77,Average,0.0840334,12508.36133,150209.7656,m_52.tif,GRB_R,MK4256,0.975941215,1.263343095,VC2819,VC2819_S14,18H,MK_1
Red,3:01,3:06,0,Average,0.078272574,15194.55078,180411.8125,m_5.tif,GRB_R,MK4256,1.185526062,1.517358187,VC2819,VC2819_S12,18H,MK_1
Red,5:03,3:06,45,Average,0.075941943,14005.73926,163000.2656,m_60.tif,GRB_R,MK4256,1.092771294,1.370917925,VC2819,VC2819_S15,18H,MK_1
Red,7:01,7:04,66,Average,0.099085055,16895.65625,243334,m_63.tif,GRB_R,MK4256,1.318251596,2.046566863,VC2819,VC2819_S15,18H,MK_1
Red,0:03,4:02,81,Average,0.075456686,15700.86719,178779.2969,m_8.tif,GRB_R,MK4256,1.225030442,1.503627873,VC2819,VC2819_S12,18H,MK_1
Red,5:02,2:01,23,Average,0.073599771,12775.54297,143676.1875,m_51.tif,GRB_R,MK4256,0.996787557,1.208392269,VC2819,VC2819_S14,18H,MK_1
Red,7:00,3:02,47,Average,0.076938614,12762.56445,140824.4531,m_53.tif,GRB_R,MK4256,0.995774932,1.184407683,VC2819,VC2819_S14,18H,MK_1
Red,8:04,1:07,85,Average,0.057364456,11897.33203,99454.21094,m_54.tif,GRB_R,MK4256,0.928266811,0.836462198,VC2819,VC2819_S14,18H,MK_1
Red,1:00,1:04,6,Average,0.096086845,19841.29102,276983.9063,m_56.tif,GRB_R,MK4256,1.548079173,2.329580265,VC2819,VC2819_S14,18H,MK_1
Red,2:02,9:04,1,Average,0.079182096,16952.41992,201066,m_61.tif,GRB_R,MK4256,1.322680474,1.691070762,VC2819,VC2819_S15,18H,MK_1
Red,3:05,0:02,50,Average,0.05602546,14214.07715,115936,m_62.tif,GRB_R,MK4256,1.109026463,0.975082709,VC2819,VC2819_S15,18H,MK_1
Red,5:02,0:07,63,Average,0.095374845,16498.92578,231745.125,m_7.tif,GRB_R,MK4256,1.287297452,1.949098332,VC2819,VC2819_S12,18H,MK_1
Red,6:04,1:03,44,Average,0.076616012,14575.78809,167665.4219,m_9.tif,GRB_R,MK4256,1.137248274,1.410154342,VC2819,VC2819_S12,18H,MK_1
Blue,2:02,1:03,65,Average,0.074138954,12921.6377,133886.1406,ctl_10.tif,GRB_B,CTL,1.04466312,1.202196453,VC2819,VC2819_S1,18H,CTL
Blue,6:02,2:09,98,Average,0.062264495,16477.53711,142709.5781,ctl_11.tif,GRB_B,CTL,1.332143473,1.28142426,VC2819,VC2819_S1,18H,CTL
Blue,9:00,6:08,88,Average,0.071546681,11595.7832,124769.5391,ctl_12.tif,GRB_B,CTL,0.937473046,1.120336255,VC2819,VC2819_S1,18H,CTL
Blue,1:03,9:09,58,Average,0.06260334,10888.86523,92940.29688,ctl_13.tif,GRB_B,CTL,0.880321534,0.834533692,VC2819,VC2819_S1,18H,CTL
Blue,5:04,5:08,62,Average,0.05668433,8278.899414,68256.38281,ctl_20.tif,GRB_B,CTL,0.669316157,0.612890781,VC2819,VC2819_S2,18H,CTL
Blue,0:00,8:06,61,Average,0.060687944,11579.24902,108561.3906,ctl_28.tif,GRB_B,CTL,0.936136323,0.974799319,VC2819,VC2819_S3,18H,CTL
Blue,1:05,2:02,99,Average,0.048872944,11796.36621,89136.66406,ctl_29.tif,GRB_B,CTL,0.953689386,0.800379941,VC2819,VC2819_S3,18H,CTL
Blue,3:01,6:07,95,Average,0.060123406,15415.19043,130683.5156,ctl_38.tif,GRB_B,CTL,1.246256961,1.173439299,VC2819,VC2819_S4,18H,CTL
Blue,7:01,4:03,17,Average,0.069680236,10905.49414,123439.0313,L_15.tif,GRB_B,L7,0.881665915,1.108389299,VC2819,VC2819_S5,18H,L_2
Blue,9:00,7:00,82,Average,0.058459211,9773.00293,81377.46094,L_16.tif,GRB_B,L7,0.790108496,0.730708156,VC2819,VC2819_S5,18H,L_2
Blue,1:00,1:03,88,Average,0.04974632,9915.686523,72336.78125,L_17.tif,GRB_B,L7,0.801643898,0.649529678,VC2819,VC2819_S5,18H,L_2
Blue,3:05,6:01,25,Average,0.049149454,9290.34082,67338.85938,L_18.tif,GRB_B,L7,0.75108718,0.604652114,VC2819,VC2819_S5,18H,L_2
Blue,8:03,2:03,23,Average,0.064599387,12423.64551,116309.7031,L_23.tif,GRB_B,L7,1.004402428,1.044373315,VC2819,VC2819_S6,18H,L_2
Blue,0:00,0:02,90,Average,0.082019463,13385.86914,160851.3438,L_24.tif,GRB_B,L7,1.082194389,1.444323618,VC2819,VC2819_S6,18H,L_2
Blue,5:02,2:02,18,Average,0.072438426,11638.52344,123568.2813,L_30.tif,GRB_B,L7,0.940928425,1.109549867,VC2819,VC2819_S7,18H,L_2
Blue,8:04,0:07,45,Average,0.035946149,7434.205566,37072.95313,L_31.tif,GRB_B,L7,0.601026012,0.332887127,VC2819,VC2819_S7,18H,L_2
Blue,9:04,5:09,80,Average,0.08512076,8141.887695,109331,L_32.tif,GRB_B,L7,0.658239304,0.981709831,VC2819,VC2819_S7,18H,L_2
Blue,1:00,9:09,58,Average,0.057566289,9602.158203,78499.38281,L_33.tif,GRB_B,L7,0.776296378,0.704865187,VC2819,VC2819_S8,18H,L_2
Blue,4:04,1:05,53,Average,0.042340416,9920.583008,59589.39063,L_35.tif,GRB_B,L7,0.80203976,0.535067735,VC2819,VC2819_S8,18H,L_2
Blue,6:05,1:06,52,Average,0.076078363,9331.133789,109902.6641,L_43.tif,GRB_B,L7,0.75438513,0.986842943,VC2819,VC2819_S9,18H,L_2
Blue,8:01,2:09,46,Average,0.06962648,13174.9541,130619.1875,L_44.tif,GRB_B,L7,1.065142745,1.172861681,VC2819,VC2819_S9,18H,L_2
Blue,9:05,7:03,89,Average,0.063964278,11517.92285,120823.8125,L_46.tif,GRB_B,L7,0.931178346,1.084906609,VC2819,VC2819_S10,18H,L_2
Blue,1:03,4:05,1,Average,0.06034806,12588.76758,111560.4844,L_47.tif,GRB_B,L7,1.017751892,1.001728917,VC2819,VC2819_S10,18H,L_2
Blue,3:01,5:00,67,Average,0.041735556,10418.14746,63793.58203,L_57.tif,GRB_B,L7,0.842265871,0.5728182,VC2819,VC2819_S11,18H,L_2
Blue,4:05,6:00,14,Average,0.058231831,10828.80273,94388.70313,L_58.tif,GRB_B,L7,0.875465719,0.847539287,VC2819,VC2819_S11,18H,L_2
Blue,6:03,8:04,95,Average,0.061177593,11615.08301,105842.4766,L_59.tif,GRB_B,L7,0.939033359,0.950385524,VC2819,VC2819_S11,18H,L_2
Blue,0:04,8:03,30,Average,0.066903129,10217.81152,98680.86719,m_2.tif,GRB_B,MK4256,0.826069505,0.886079679,VC2819,VC2819_S12,18H,MK_1
Blue,3:00,4:03,24,Average,0.058351506,8676.066406,74855,m_39.tif,GRB_B,MK4256,0.701425532,0.672141381,VC2819,VC2819_S13,18H,MK_1
Blue,6:00,4:07,8,Average,0.054236069,7618.083984,60456.47266,m_40.tif,GRB_B,MK4256,0.615891853,0.542853477,VC2819,VC2819_S13,18H,MK_1
Blue,9:05,7:05,20,Average,0.068358585,10036.87402,103075.5703,m_4.tif,GRB_B,MK4256,0.811441426,0.925540795,VC2819,VC2819_S12,18H,MK_1
Blue,1:02,9:03,87,Average,0.0840334,9370.400391,144468.5625,m_52.tif,GRB_B,MK4256,0.757559679,1.297218611,VC2819,VC2819_S14,18H,MK_1
Blue,3:01,3:09,30,Average,0.078272574,13097.7002,150802.4063,m_5.tif,GRB_B,MK4256,1.058897074,1.354091746,VC2819,VC2819_S12,18H,MK_1
Blue,5:03,3:09,95,Average,0.075941943,11945.24316,127792.7734,m_60.tif,GRB_B,MK4256,0.965725497,1.147482616,VC2819,VC2819_S15,18H,MK_1
Blue,7:01,7:07,57,Average,0.099085055,11612.7666,183181.4375,m_63.tif,GRB_B,MK4256,0.938846086,1.644830999,VC2819,VC2819_S15,18H,MK_1
Blue,0:03,4:05,71,Average,0.075456686,11906.11328,138953.5625,m_8.tif,GRB_B,MK4256,0.962562001,1.247698076,VC2819,VC2819_S12,18H,MK_1
Blue,5:02,2:04,43,Average,0.073599771,7904.96582,97751.29688,m_51.tif,GRB_B,MK4256,0.63908511,0.87773284,VC2819,VC2819_S14,18H,MK_1
Blue,7:00,3:05,77,Average,0.076938614,9108.638672,112607.8516,m_53.tif,GRB_B,MK4256,0.736397283,1.011133484,VC2819,VC2819_S14,18H,MK_1
Blue,8:04,2:00,95,Average,0.057364456,11023.87695,94325.82031,m_54.tif,GRB_B,MK4256,0.891236696,0.846974646,VC2819,VC2819_S14,18H,MK_1
Blue,1:00,1:07,6,Average,0.096086845,11697.91406,178281.3281,m_56.tif,GRB_B,MK4256,0.945729921,1.600831716,VC2819,VC2819_S14,18H,MK_1
Blue,2:02,9:06,91,Average,0.079182096,16260.83984,191965.6094,m_61.tif,GRB_B,MK4256,1.314624359,1.72370623,VC2819,VC2819_S15,18H,MK_1
Blue,3:05,0:04,90,Average,0.05602546,9565.610352,79246.28125,m_62.tif,GRB_B,MK4256,0.773341629,0.711571771,VC2819,VC2819_S15,18H,MK_1
Blue,5:02,0:09,73,Average,0.095374845,16171.01367,269310.8125,m_7.tif,GRB_B,MK4256,1.30736227,2.418207755,VC2819,VC2819_S12,18H,MK_1
Blue,6:04,1:06,84,Average,0.076616012,13186.16797,158890.7969,m_9.tif,GRB_B,MK4256,1.066049342,1.426719387,VC2819,VC2819_S12,18H,MK_1
Red,34:00:00,48:00:00,182,Average,0.063283816,11041.62891,103273.375,ctl_10.tif,GRB_R,CTL,1.096202523,1.19383206,VC2820,VC2820_S1,18H,CTL
Red,44:00:00,40:00:00,801,Average,0.056252278,10080.10938,84571.6875,ctl_19.tif,GRB_R,CTL,1.000743769,0.977642029,VC2820,VC2820_S2,18H,CTL
Red,47:00:00,5:00,418,Average,0.046660874,10591.69922,73797.52344,ctl_20.tif,GRB_R,CTL,1.051533927,0.853093543,VC2820,VC2820_S2,18H,CTL
Red,49:00:00,2:00,219,Average,0.049527615,9686.710938,67824.76563,ctl_2.tif,GRB_R,CTL,0.961687542,0.784048935,VC2820,VC2820_S3,18H,CTL
Red,50:00:00,13:00,609,Average,0.068954401,12288.08594,124135.5156,ctl_3.tif,GRB_R,CTL,1.219949603,1.434996758,VC2820,VC2820_S3,18H,CTL
Red,51:00:00,55:00:00,402,Average,0.056252282,8622.038086,71864.375,ctl_4.tif,GRB_R,CTL,0.855987824,0.8307465,VC2820,VC2820_S3,18H,CTL
Red,53:00:00,49:00:00,269,Average,0.072583593,9244.651367,104355.4297,ctl_8.tif,GRB_R,CTL,0.917800284,1.206340527,VC2820,VC2820_S1,18H,CTL
Red,55:00:00,4:00,800,Average,0.048854332,9026.017578,62223.57813,ctl_9.tif,GRB_R,CTL,0.896094527,0.719299649,VC2820,VC2820_S1,18H,CTL
Red,0:00,2:00,845,Average,0.061799731,11562.16113,104199.4609,L_16.tif,GRB_R,L7 2,1.147880472,1.20453754,VC2820,VC2820_S4,18H,L_2
Red,2:00,8:00,715,Average,0.066686168,12351.37891,114641.625,L_21.tif,GRB_R,L7 2,1.22623327,1.325248132,VC2820,VC2820_S5,18H,L_2
Red,3:00,47:00:00,458,Average,0.06988281,11583.14648,117651.4219,L_22.tif,GRB_R,L7 2,1.149963877,1.360041146,VC2820,VC2820_S5,18H,L_2
Red,6:00,41:00:00,802,Average,0.073584743,10796.42285,122170.1406,L_5.tif,GRB_R,L7 2,1.071858696,1.412277178,VC2820,VC2820_S6,18H,L_2
Red,8:00,29:00:00,366,Average,0.054437693,12881.44629,108656.25,L_6.tif,GRB_R,L7 2,1.27885786,1.25605767,VC2820,VC2820_S6,18H,L_2
Red,9:00,41:00:00,446,Average,0.073390067,14724.29297,156493.0781,L_7.tif,GRB_R,L7 2,1.461813944,1.809047625,VC2820,VC2820_S6,18H,L_2
Red,16:00,8:00,255,Average,0.073224023,12336.10547,127262.1797,MK_23.tif,GRB_R,MK 1,1.224716937,1.471140748,VC2820,VC2820_S7,18H,MK_1
Red,17:00,49:00:00,420,Average,0.058412507,11074.7041,97547.38281,MK_24.tif,GRB_R,MK 1,1.099486197,1.127640042,VC2820,VC2820_S7,18H,MK_1
Blue,34:00:00,48:00:00,591,Average,0.063283816,9280.765625,85244.5,ctl_10.tif,GRB_B,CTL,0.967929685,0.995560814,VC2820,VC2820_S1,18H,CTL
Blue,44:00:00,41:00:00,179,Average,0.056252278,8871.870117,74534.4375,ctl_19.tif,GRB_B,CTL,0.92528427,0.870479213,VC2820,VC2820_S2,18H,CTL
Blue,47:00:00,5:00,779,Average,0.046660874,10001.19727,73940.42969,ctl_20.tif,GRB_B,CTL,1.0430665,0.863541864,VC2820,VC2820_S2,18H,CTL
Blue,49:00:00,2:00,578,Average,0.049527615,11066.75391,89701.35156,ctl_2.tif,GRB_B,CTL,1.154197838,1.047611876,VC2820,VC2820_S3,18H,CTL
Blue,50:00:00,13:00,908,Average,0.068954401,9606.359375,103830.4375,ctl_3.tif,GRB_B,CTL,1.001887212,1.212623863,VC2820,VC2820_S3,18H,CTL
Blue,51:00:00,55:00:00,543,Average,0.056252282,8689.463867,91709.33594,ctl_4.tif,GRB_B,CTL,0.906260363,1.071062898,VC2820,VC2820_S3,18H,CTL
Blue,53:00:00,49:00:00,631,Average,0.072583593,8479.286133,90496.14063,ctl_8.tif,GRB_B,CTL,0.884340052,1.056894128,VC2820,VC2820_S1,18H,CTL
Blue,55:00:00,5:00,175,Average,0.048854332,10710.41797,75540.19531,ctl_9.tif,GRB_B,CTL,1.11703408,0.882225344,VC2820,VC2820_S1,18H,CTL
Blue,0:00,3:00,219,Average,0.061799731,12568.83203,118925.1172,L_16.tif,GRB_B,L7 2,1.310855819,1.38891291,VC2820,VC2820_S4,18H,L_2
Blue,2:00,9:00,80,Average,0.066686168,10667.14648,110078.9375,L_21.tif,GRB_B,L7 2,1.112521116,1.285599384,VC2820,VC2820_S5,18H,L_2
Blue,3:00,47:00:00,834,Average,0.06988281,11783.82031,130791.3281,L_22.tif,GRB_B,L7 2,1.228983679,1.527497036,VC2820,VC2820_S5,18H,L_2
Blue,6:00,42:00:00,114,Average,0.073584743,10948.47852,155965.8906,L_5.tif,GRB_B,L7 2,1.141862406,1.821507887,VC2820,VC2820_S6,18H,L_2
Blue,8:00,29:00:00,757,Average,0.054437693,9272.664063,75172.58594,L_6.tif,GRB_B,L7 2,0.967084739,0.877932076,VC2820,VC2820_S6,18H,L_2
Blue,9:00,41:00:00,712,Average,0.073390067,10679.16699,120882.3906,L_7.tif,GRB_B,L7 2,1.113774785,1.411771683,VC2820,VC2820_S6,18H,L_2
Blue,16:00,8:00,567,Average,0.073224023,11707.81055,121895.6172,MK_23.tif,GRB_B,MK 1,1.221056304,1.423605041,VC2820,VC2820_S7,18H,MK_1
Blue,17:00,49:00:00,671,Average,0.058412507,14163.41113,130749.8125,MK_24.tif,GRB_B,MK 1,1.477161112,1.52701218,VC2820,VC2820_S7,18H,MK_1
Red,48:00:00,57:00:00,416,Average,0.095018514,17677.97656,242284,ctl_16.tif,GRB_R,CTL,1.146029913,1.33393733,VC2821,VC2821_S1,18H,CTL
Red,51:00:00,19:00,519,Average,0.103431605,23461.58594,374991.1875,ctl_17.tif,GRB_R,CTL,1.520970412,2.064580177,VC2821,VC2821_S1,18H,CTL
Red,52:00:00,58:00:00,81,Average,0.096706972,18781.10938,268498.9063,ctl_18.tif,GRB_R,CTL,1.217543935,1.478268125,VC2821,VC2821_S1,18H,CTL
Red,55:00:00,28:00:00,79,Average,0.078522243,13884.01953,161022.4531,ctl_7.tif,GRB_R,CTL,0.900074827,0.88653754,VC2821,VC2821_S2,18H,CTL
Red,56:00:00,59:00:00,714,Average,0.059034649,12675.63086,109785.2656,ctl_8.tif,GRB_R,CTL,0.821737266,0.604442159,VC2821,VC2821_S2,18H,CTL
Red,13:00,19:00,278,Average,0.055505097,12982.49609,101867.7031,ctl_28.tif,GRB_R,CTL,0.841630761,0.560850621,VC2821,VC2821_S3,18H,CTL
Red,15:00,1:00,293,Average,0.060706273,11078.71582,90790.72656,ctk_29.tif,GRB_R,CTL,0.718212273,0.499864372,VC2821,VC2821_S3,18H,CTL
Red,16:00,45:00:00,203,Average,0.055932064,12861.71289,103805.5313,ctl_30.tif,GRB_R,CTL,0.833800614,0.571519677,VC2821,VC2821_S3,18H,CTL
Red,19:00,12:00,422,Average,0.057548411,14298.94629,116424.5703,L_19.tif,GRB_R,L7,0.926973747,0.640996023,VC2821,VC2821_S4,18H,L_2
Red,21:00,27:00:00,119,Average,0.056391858,10662.99023,84308.07813,L_1.tif,GRB_R,L7,0.691261566,0.464173006,VC2821,VC2821_S5,18H,L_2
Red,23:00,29:00:00,69,Average,0.062214501,13611.32227,119639.4297,L_21.tif,GRB_R,L7,0.882396377,0.658695999,VC2821,VC2821_S4,18H,L_2
Red,25:00:00,26:00:00,981,Average,0.083801061,13904.90527,163506.8125,L_22.tif,GRB_R,L7,0.90142881,0.900215619,VC2821,VC2821_S4,18H,L_2
Red,29:00:00,25:00:00,672,Average,0.05988146,14398.10938,122641.7969,L_24.tif,GRB_R,L7,0.933402303,0.675226062,VC2821,VC2821_S6,18H,L_2
Red,31:00:00,11:00,964,Average,0.045460243,12308.77832,79452,L_25.tif,GRB_R,L7,0.797954907,0.437437011,VC2821,VC2821_S6,18H,L_2
Red,34:00:00,33:00:00,900,Average,0.068294555,10286.38672,99306.27344,L_3.tif,GRB_R,L7,0.66684707,0.546748218,VC2821,VC2821_S5,18H,L_2
Red,36:00:00,24:00:00,850,Average,0.074816927,16580.83984,174177.5313,mk_11.tif,GRB_R,MK4256,1.074904606,0.958965145,VC2821,VC2821_S7,18H,MK_1
Red,39:00:00,12:00,269,Average,0.090729475,18842.77539,286577.125,mk_12.tif,GRB_R,MK4256,1.221541626,1.577800949,VC2821,VC2821_S7,18H,MK_1
Red,41:00:00,34:00:00,641,Average,0.085285716,21775.13867,258868.25,mk_13.tif,GRB_R,MK4256,1.411641213,1.425244846,VC2821,VC2821_S8,18H,MK_1
Red,43:00:00,37:00:00,431,Average,0.079268917,18796.60352,207325.0313,mk_14.tif,GRB_R,MK4256,1.218548391,1.141464557,VC2821,VC2821_S8,18H,MK_1
Red,47:00:00,8:00,294,Average,0.068954408,15224.55664,151704.5313,mk_9.tif,GRB_R,MK4256,0.986979322,0.835236076,VC2821,VC2821_S7,18H,MK_1
Blue,48:00:00,57:00:00,742,Average,0.095018514,7525.024902,104654.5469,ctl_16.tif,GRB_B,CTL,0.917038952,1.125105286,VC2821,VC2821_S1,18H,CTL
Blue,51:00:00,19:00,818,Average,0.103431605,10476.48242,147838.9063,ctl_17.tif,GRB_B,CTL,1.276719026,1.589365583,VC2821,VC2821_S1,18H,CTL
Blue,52:00:00,58:00:00,412,Average,0.096706972,10597.8877,163490.7969,ctl_18.tif,GRB_B,CTL,1.291514109,1.757633713,VC2821,VC2821_S1,18H,CTL
Blue,55:00:00,28:00:00,436,Average,0.078522243,7041.119141,74092.17969,ctl_7.tif,GRB_B,CTL,0.858067661,0.796539716,VC2821,VC2821_S2,18H,CTL
Blue,57:00:00,0:00,24,Average,0.059034649,7769.637207,64530.39844,ctl_8.tif,GRB_B,CTL,0.946848689,0.693744272,VC2821,VC2821_S2,18H,CTL
Blue,13:00,19:00,529,Average,0.055505097,7586.283203,62569.76563,ctl_28.tif,GRB_B,CTL,0.92450421,0.672666178,VC2821,VC2821_S3,18H,CTL
Blue,15:00,1:00,466,Average,0.060706273,7742.603027,64448.81641,ctk_29.tif,GRB_B,CTL,0.943554162,0.692867211,VC2821,VC2821_S3,18H,CTL
Blue,16:00,45:00:00,375,Average,0.055932064,6907.246094,62515.05859,ctl_30.tif,GRB_B,CTL,0.841753191,0.672078041,VC2821,VC2821_S3,18H,CTL
Blue,19:00,12:00,717,Average,0.057548411,6139.601074,46623.35547,L_19.tif,GRB_B,L7,0.748203947,0.501231769,VC2821,VC2821_S4,18H,L_2
Blue,21:00,27:00:00,413,Average,0.056391858,7656.481445,57961.38281,L_1.tif,GRB_B,L7,0.933058935,0.623123028,VC2821,VC2821_S5,18H,L_2
Blue,23:00,29:00:00,382,Average,0.062214501,7542.180664,68035.82031,L_21.tif,GRB_B,L7,0.919129643,0.731429865,VC2821,VC2821_S4,18H,L_2
Blue,25:00:00,27:00:00,291,Average,0.083801061,9618.408203,107033.8203,L_22.tif,GRB_B,L7,1.172149607,1.150684042,VC2821,VC2821_S4,18H,L_2
Blue,29:00:00,26:00:00,17,Average,0.05988146,7687.970215,66600.85156,L_24.tif,GRB_B,L7,0.936896322,0.716003006,VC2821,VC2821_S6,18H,L_2
Blue,31:00:00,12:00,268,Average,0.045460243,6967.599609,45316.10547,L_25.tif,GRB_B,L7,0.849108186,0.487177971,VC2821,VC2821_S6,18H,L_2
Blue,34:00:00,34:00:00,240,Average,0.068294555,6857.787109,65814.27344,L_3.tif,GRB_B,L7,0.83572586,0.707546773,VC2821,VC2821_S5,18H,L_2
Blue,36:00:00,25:00:00,151,Average,0.074816927,5243.027832,56229.30859,mk_11.tif,GRB_B,MK4256,0.638942836,0.60450209,VC2821,VC2821_S7,18H,MK_1
Blue,39:00:00,12:00,492,Average,0.090729475,9814.90918,136166.5156,mk_12.tif,GRB_B,MK4256,1.196096245,1.463879698,VC2821,VC2821_S7,18H,MK_1
Blue,41:00:00,34:00:00,923,Average,0.085285716,7669.84668,94701.29688,mk_13.tif,GRB_B,MK4256,0.934687693,1.018101295,VC2821,VC2821_S8,18H,MK_1
Blue,43:00:00,37:00:00,747,Average,0.079268917,8206.053711,97728.78906,mk_14.tif,GRB_B,MK4256,1.00003269,1.050648829,VC2821,VC2821_S8,18H,MK_1
Blue,47:00:00,8:00,655,Average,0.068954408,8867.455078,95668.17969,mk_9.tif,GRB_B,MK4256,1.080634525,1.028495922,VC2821,VC2821_S7,18H,MK_1
Red,1:03,4:05,97,Average,0.088914894,15468.58691,199994.5,Copy of Image 12_Maximum intensity projection.tif,GRB_R,CTL,0.929169763,0.803817959,VC2786,VC2786_6H_S1,6H,CTL
Red,7:01,1:05,88,Average,0.102221884,13395.20703,202954.5781,Copy of Image 13_Maximum intensity projection.tif,GRB_R,CTL,0.80462562,0.815715106,VC2786,VC2786_6H_S1,6H,CTL
Red,1:01,5:02,40,Average,0.09072949,16255.63867,207756,Copy of Image 26_Maximum intensity projection.tif,GRB_R,CTL,0.976446524,0.835012982,VC2786,VC2786_6H_S2,6H,CTL
Red,4:05,2:08,10,Average,0.095326446,19322.61523,285499.4688,Copy of Image 28_Maximum intensity projection.tif,GRB_R,CTL,1.160674204,1.147479557,VC2786,VC2786_6H_S2,6H,CTL
Red,9:05,3:04,39,Average,0.13479808,19292.29492,365053.4375,Copy of Image 30_Maximum intensity projection.tif,GRB_R,CTL,1.158852919,1.467222894,VC2786,VC2786_6H_S2,6H,CTL
Red,2:04,8:00,13,Average,0.08215142,15498.11523,195644.4063,Copy of Image 31_Maximum intensity projection.tif,GRB_R,CTL,0.930943475,0.786334061,VC2786,VC2786_6H_S2,6H,CTL
Red,6:04,5:04,69,Average,0.082110174,17962.87695,201206.3125,Copy of Image 32_Maximum intensity projection.tif,GRB_R,CTL,1.078997209,0.808688476,VC2786,VC2786_6H_S2,6H,CTL
Red,8:05,0:01,25,Average,0.09097144,16249.30273,220572.8594,Copy of Image 7_Maximum intensity projection.tif,GRB_R,CTL,0.976065936,0.886526508,VC2786,VC2786_6H_S1,6H,CTL
Red,5:01,8:06,84,Average,0.120867446,16661.7832,313244.25,Copy of Image 9_Maximum intensity projection.tif,GRB_R,CTL,1.000842884,1.258991391,VC2786,VC2786_6H_S1,6H,CTL
Red,8:00,8:07,44,Average,0.13246505,16371.08984,296131.3125,Copy of Image29_Maximum intensity projection.tif,GRB_R,CTL,0.983381465,1.190211067,VC2786,VC2786_6H_S2,6H,CTL
Red,4:04,8:00,71,Average,0.097168364,17517.15039,235688.5781,Copy of Image 15_Maximum intensity projection.tif,GRB_R,MK4256,1.052223229,0.947279609,VC2786,VC2786_6H_S3,6H,MK_1
Red,4:02,5:01,20,Average,0.066606112,13652.59082,122735.2344,Copy of Image 17_Maximum intensity projection.tif,GRB_R,MK4256,0.820086194,0.493297494,VC2786,VC2786_6H_S3,6H,MK_1
Red,6:04,7:03,91,Average,0.099358886,18824.44141,264470.5,Copy of Image 19_Maximum intensity projection.tif,GRB_R,MK4256,1.130749813,1.062959919,VC2786,VC2786_6H_S3,6H,MK_1
Red,9:02,2:04,2,Average,0.126585782,18651.79883,347627.5938,Copy of Image 21_Maximum intensity projection.tif,GRB_R,MK4256,1.120379489,1.397184937,VC2786,VC2786_6H_S3,6H,MK_1
Red,1:00,3:01,8,Average,0.075305469,20108.93555,220123.75,Copy of Image 24_Maximum intensity projection.tif,GRB_R,MK4256,1.20790703,0.884721447,VC2786,VC2786_6H_S3,6H,MK_1
Red,3:02,3:00,39,Average,0.086110525,14479.05859,180080.0469,Copy of Image 34_Maximum intensity projection.tif,GRB_R,MK4256,0.869730604,0.723777783,VC2786,VC2786_6H_S4,6H,MK_1
Red,4:05,5:00,74,Average,0.127827764,19727.41602,363775.875,Copy of Image 3_Maximum intensity projection.tif,GRB_R,MK4256,1.184989849,1.462088114,VC2786,VC2786_6H_S5,6H,MK_1
Red,6:02,3:08,95,Average,0.100709729,17071.16797,265465.9063,Copy of Image 4_DISTALMaximum intensity projection.tif,GRB_R,MK4256,1.02543388,1.066960656,VC2786,VC2786_6H_S5,6H,MK_1
Red,7:05,9:01,85,Average,0.093931697,18110.7207,243160.5,Copy of Image 6_Maximum intensity projection.tif,GRB_R,MK4256,1.087877914,0.97731076,VC2786,VC2786_6H_S5,6H,MK_1
Red,9:04,1:08,76,Average,0.107060805,20345.73438,350732.5,Copy of Image33_Maximum intensity projection.tif,GRB_R,MK4256,1.222131103,1.409664177,VC2786,VC2786_6H_S4,6H,MK_1
Blue,1:03,4:06,47,Average,0.088914894,12112.5,152362.5,Copy of Image 12_Maximum intensity projection.tif,GRB_B,CTL,0.868399208,0.730502649,VC2786,VC2786_6H_S1,6H,CTL
Blue,7:01,1:06,48,Average,0.102221884,11066.5459,166566.6719,Copy of Image 13_Maximum intensity projection.tif,GRB_B,CTL,0.793410089,0.798604611,VC2786,VC2786_6H_S1,6H,CTL
Blue,1:01,5:02,90,Average,0.09072949,20322.01367,256223,Copy of Image 26_Maximum intensity projection.tif,GRB_B,CTL,1.456975899,1.228462254,VC2786,VC2786_6H_S2,6H,CTL
Blue,4:05,2:08,60,Average,0.095326446,12086.11426,152969.3281,Copy of Image 28_Maximum intensity projection.tif,GRB_B,CTL,0.866507497,0.733412088,VC2786,VC2786_6H_S2,6H,CTL
Blue,9:05,3:04,89,Average,0.13479808,12054.25879,246056.8594,Copy of Image 30_Maximum intensity projection.tif,GRB_B,CTL,0.864223636,1.17972065,VC2786,VC2786_6H_S2,6H,CTL
Blue,2:04,8:00,63,Average,0.08215142,16841.14258,220634.5469,Copy of Image 31_Maximum intensity projection.tif,GRB_B,CTL,1.207416709,1.057833265,VC2786,VC2786_6H_S2,6H,CTL
Blue,6:04,5:05,19,Average,0.082110174,15838.96484,199416.5625,Copy of Image 32_Maximum intensity projection.tif,GRB_B,CTL,1.135566112,0.95610355,VC2786,VC2786_6H_S2,6H,CTL
Blue,8:05,0:01,85,Average,0.09097144,12586.94434,200159.5313,Copy of Image 7_Maximum intensity projection.tif,GRB_B,CTL,0.902414241,0.959665717,VC2786,VC2786_6H_S1,6H,CTL
Blue,5:01,8:07,34,Average,0.120867446,13417.59277,245855.3906,Copy of Image 9_Maximum intensity projection.tif,GRB_B,CTL,0.961967136,1.178754707,VC2786,VC2786_6H_S1,6H,CTL
Blue,8:00,8:07,94,Average,0.13246505,13154.7041,245477,Copy of Image29_Maximum intensity projection.tif,GRB_B,CTL,0.943119474,1.176940511,VC2786,VC2786_6H_S2,6H,CTL
Blue,4:04,8:01,11,Average,0.097168364,13622.51074,182665.9063,Copy of Image 15_Maximum intensity projection.tif,GRB_B,MK4256,0.97665862,0.875792458,VC2786,VC2786_6H_S3,6H,MK_1
Blue,4:02,5:01,70,Average,0.066606112,12746.93359,119044.7031,Copy of Image 17_Maximum intensity projection.tif,GRB_B,MK4256,0.913884585,0.570760331,VC2786,VC2786_6H_S3,6H,MK_1
Blue,6:04,7:04,41,Average,0.099358886,13677.17188,205614.6719,Copy of Image 19_Maximum intensity projection.tif,GRB_B,MK4256,0.980577522,0.985820411,VC2786,VC2786_6H_S3,6H,MK_1
Blue,9:02,2:04,52,Average,0.126585782,15750.24512,311013.4063,Copy of Image 21_Maximum intensity projection.tif,GRB_B,MK4256,1.129205399,1.491155088,VC2786,VC2786_6H_S3,6H,MK_1
Blue,1:00,3:01,68,Average,0.075305469,13737.96191,143233.75,Copy of Image 24_Maximum intensity projection.tif,GRB_B,MK4256,0.98493583,0.686734818,VC2786,VC2786_6H_S3,6H,MK_1
Blue,3:02,3:00,89,Average,0.086110525,14052.47266,190092.7344,Copy of Image 34_Maximum intensity projection.tif,GRB_B,MK4256,1.00748451,0.911400416,VC2786,VC2786_6H_S4,6H,MK_1
Blue,4:05,5:01,24,Average,0.127827764,20278.13281,377254.8125,Copy of Image 3_Maximum intensity projection.tif,GRB_B,MK4256,1.453829885,1.808749789,VC2786,VC2786_6H_S5,6H,MK_1
Blue,6:02,3:09,45,Average,0.100709729,14641.37402,228217.25,Copy of Image 4_DISTALMaximum intensity projection.tif,GRB_B,MK4256,1.049705478,1.094188567,VC2786,VC2786_6H_S5,6H,MK_1
Blue,7:05,9:02,35,Average,0.093931697,14878.54688,200149.2344,Copy of Image 6_Maximum intensity projection.tif,GRB_B,MK4256,1.06670946,0.959616348,VC2786,VC2786_6H_S5,6H,MK_1
Blue,9:04,1:09,26,Average,0.107060805,14323.41699,262553.625,Copy of Image33_Maximum intensity projection.tif,GRB_B,MK4256,1.026909719,1.258814462,VC2786,VC2786_6H_S4,6H,MK_1
Red,5:01,7:09,13,Average,0.048898406,18230.86133,129141.5234,ctl_27.tif,GRB_R,CTL,1.187484836,1.287785256,VC2796,VC2798_6H_S1,6H,CTL
Red,7:00,2:03,12,Average,0.038227357,12871.06152,68776.13281,ctl_28.tif,GRB_R,CTL,0.838369076,0.685828132,VC2796,VC2798_6H_S1,6H,CTL
Red,8:04,9:08,33,Average,0.047542244,14955.57813,102927.9766,ctl_29.tif,GRB_R,CTL,0.974146088,1.026386612,VC2796,VC2798_6H_S1,6H,CTL
Red,0:03,8:06,50,Average,0.039402518,17017.25977,98371.61719,L_30.tif,GRB_R,L7,1.108435721,0.98095109,VC2796,VC2798_6H_S2,6H,L_2
Red,2:00,2:02,21,Average,0.049356837,14032.9248,102978.25,L_31.tif,GRB_R,L7,0.914048168,1.026887933,VC2796,VC2798_6H_S2,6H,L_2
Red,3:02,0:06,11,Average,0.037743464,11275.94727,58710,L_32.tif,GRB_R,L7,0.734469763,0.585449748,VC2796,VC2798_6H_S2,6H,L_2
Blue,5:01,8:00,81,Average,0.048898406,12430.19629,96935.3125,ctl_27.tif,GRB_B,CTL,0.809652892,0.966628416,VC2796,VC2798_6H_S1,6H,CTL
Blue,7:00,2:05,21,Average,0.038227357,6042.618164,35859.66797,ctl_28.tif,GRB_B,CTL,0.393591795,0.357588717,VC2796,VC2798_6H_S1,6H,CTL
Blue,8:05,0:00,11,Average,0.047542244,11227.15625,81017.77344,ctl_29.tif,GRB_B,CTL,0.731291712,0.807900444,VC2796,VC2798_6H_S1,6H,CTL
Blue,0:03,8:08,34,Average,0.039402518,8793.320313,52928.38281,L_30.tif,GRB_B,L7,0.572761448,0.527796089,VC2796,VC2798_6H_S2,6H,L_2
Blue,2:00,2:04,20,Average,0.049356837,13119.98926,101515.1484,L_31.tif,GRB_B,L7,0.854583226,1.012298043,VC2796,VC2798_6H_S2,6H,L_2
Blue,3:02,0:08,11,Average,0.037743464,9715.607422,51627.13281,L_32.tif,GRB_B,L7,0.632835513,0.514820165,VC2796,VC2798_6H_S2,6H,L_2
Red,0:03,1:07,66,Average,0.052320663,13041.23535,102671.125,ctl_7.tif,GRB_R,CTL,1.01185123,0.896164148,VC2832,VC2832_6H_S1,6H,CTL
Red,3:04,9:01,76,Average,0.060486317,13495.7207,124082.4453,ctl_8.tif,GRB_R,CTL,1.047114113,1.083052698,VC2832,VC2832_6H_S2,6H,CTL
Red,5:01,7:03,2,Average,0.063217968,12128.5166,116948.3906,ctl_9.tif,GRB_R,CTL,0.941034657,1.020783154,VC2832,VC2832_6H_S2,6H,CTL
Red,8:04,7:03,65,Average,0.057639904,11915.67383,99670.53125,m_11.tif,GRB_R,MK4256,0.924520484,0.869973488,VC2832,VC2832_6H_S3,6H,MK_1
Red,0:03,0:05,27,Average,0.038832214,11131.13477,77372.14844,m_12.tif,GRB_R,MK4256,0.863649195,0.67534222,VC2832,VC2832_6H_S4,6H,MK_1
Red,1:05,9:02,23,Average,0.044421148,11760.66895,73712.88281,m_13.tif,GRB_R,MK4256,0.912493872,0.643402347,VC2832,VC2832_6H_S4,6H,MK_1
Red,3:02,5:06,23,Average,0.040690795,11242.61426,67303.9375,L_4.tif,GRB_R,L7,0.872298732,0.587461916,VC2832,VC2832_6H_S5,6H,L_2
Red,5:01,6:03,79,Average,0.060046423,13546.8584,119716.2266,L_5.tif,GRB_R,L7,1.051081816,1.04494219,VC2832,VC2832_6H_S5,6H,L_2
Red,1:04,6:07,84,Average,0.049488809,11621.52832,87224.36719,m_10_redoreg.tif,GRB_R,MK4256,0.901698145,0.761337238,VC2832,VC2832_6H_S3,6H,MK_1
Red,3:02,7:05,24,Average,0.050030831,12135.40625,88380.17969,L_6_redoreg.tif,GRB_R,L7,0.941569216,0.771425739,VC2832,VC2832_6H_S5,6H,L_2
Blue,0:03,2:01,46,Average,0.052320663,8444.09668,64148.66797,ctl_7.tif,GRB_B,CTL,0.891978854,0.732969118,VC2832,VC2832_6H_S1,6H,CTL
Blue,3:04,9:03,16,Average,0.060486317,10843.79883,107851.5547,ctl_8.tif,GRB_B,CTL,1.145467611,1.232322688,VC2832,VC2832_6H_S2,6H,CTL
Blue,5:01,7:06,32,Average,0.063217968,9112.206055,90556.54688,ctl_9.tif,GRB_B,CTL,0.962553535,1.034708193,VC2832,VC2832_6H_S2,6H,CTL
Blue,8:04,7:07,5,Average,0.057639904,9171.839844,78552.35156,m_11.tif,GRB_B,MK4256,0.968852857,0.897547053,VC2832,VC2832_6H_S3,6H,MK_1
Blue,0:03,0:08,97,Average,0.038832214,6544.038574,37455.89844,m_12.tif,GRB_B,MK4256,0.691269208,0.427974855,VC2832,VC2832_6H_S4,6H,MK_1
Blue,1:05,9:03,73,Average,0.044421148,8945.024414,53288.28125,m_13.tif,GRB_B,MK4256,0.944893566,0.60887725,VC2832,VC2832_6H_S4,6H,MK_1
Blue,3:02,5:09,93,Average,0.040690795,10618.1377,64634.72656,L_4.tif,GRB_B,L7,1.121630253,0.738522873,VC2832,VC2832_6H_S5,6H,L_2
Blue,5:01,6:05,29,Average,0.060046423,9909.245117,81722.17969,L_5.tif,GRB_B,L7,1.046747501,0.933765827,VC2832,VC2832_6H_S5,6H,L_2
Blue,1:04,6:09,14,Average,0.049488809,13204.88379,98067.90625,m_10_redoreg.tif,GRB_B,MK4256,1.394877102,1.120533739,VC2832,VC2832_6H_S3,6H,MK_1
Blue,3:02,7:06,64,Average,0.050030831,8845.379883,72817.39063,L_6_redoreg.tif,GRB_B,L7,0.934367773,0.832018814,VC2832,VC2832_6H_S5,6H,L_2
Red,0:00,44:00:00,153,Average,0.046849404,18375.92188,126797.3672,ctl_1.tif,GRB_R,CTL,0.891775297,0.819905915,VC2835,VC2835_S1,6H,CTL
Red,4:00,8:00,190,Average,0.053227965,25729.38086,194935.5,ctl_24.tif,GRB_R,CTL,1.248635383,1.260505427,VC2835,VC2835_S3,6H,CTL
Red,5:00,39:00:00,107,Average,0.047697783,27356.76172,168078.8594,ctl_25.tif,GRB_R,CTL,1.327611451,1.086843158,VC2835,VC2835_S3,6H,CTL
Red,7:00,20:00,497,Average,0.061454106,22800.57617,209961.8594,ctl_2.tif,GRB_R,CTL,1.106501797,1.357669912,VC2835,VC2835_S1,6H,CTL
Red,9:00,31:00:00,861,Average,0.050002024,16435.79297,129761.7813,ctl_4.tif,GRB_R,CTL,0.797621706,0.839074614,VC2835,VC2835_S1,6H,CTL
Red,11:00,24:00:00,373,Average,0.044638906,19250.46094,116167.75,ctl_5.tif,GRB_R,CTL,0.934216288,0.751171948,VC2835,VC2835_S2,6H,CTL
Red,14:00,9:00,442,Average,0.045364741,14862.94043,96788.08594,ctl_6.tif,GRB_R,CTL,0.721291873,0.625857823,VC2835,VC2835_S2,6H,CTL
Red,16:00,19:00,510,Average,0.064335458,20036.16602,194698.2344,ctl_7.tif,GRB_R,CTL,0.972346205,1.258971203,VC2835,VC2835_S2,6H,CTL
Red,22:00,56:00:00,39,Average,0.063873559,20191.79102,191126.0625,L_12.tif,GRB_R,L7,0.979898617,1.235872578,VC2835,VC2835_S4,6H,L_2
Red,24:00:00,28:00:00,507,Average,0.051614996,23341.69141,175238,L_13.tif,GRB_R,L7,1.132761879,1.133136088,VC2835,VC2835_S5,6H,L_2
Red,34:00:00,8:00,434,Average,0.058066867,19366.22461,163193.5,L_16.tif,GRB_R,L7,0.939834247,1.055253109,VC2835,VC2835_S5,6H,L_2
Red,41:00:00,48:00:00,243,Average,0.05168831,21654.62695,161846.8438,L_9.tif,GRB_R,L7,1.050889392,1.046545267,VC2835,VC2835_S4,6H,L_2
Red,48:00:00,24:00:00,809,Average,0.066179149,22267.14063,206962.6406,M_18.tif,GRB_R,MK4256,1.080614408,1.338276156,VC2835,VC2835_S5,6H,MK_1
Red,50:00:00,45:00:00,497,Average,0.059276596,22490.125,205827.1719,M_19.tif,GRB_R,MK4256,1.09143574,1.33093391,VC2835,VC2835_S5,6H,MK_1
Red,1:00,57:00:00,184,Average,0.060788754,19752.31836,171665.375,M_23.tif,GRB_R,MK4256,0.958571205,1.110034533,VC2835,VC2835_S6,6H,MK_1
Blue,0:00,44:00:00,582,Average,0.046849404,10375.64355,62958.36328,ctl_1.tif,GRB_B,CTL,1.126462083,0.940855677,VC2835,VC2835_S1,6H,CTL
Blue,4:00,8:00,530,Average,0.053227965,7640.961426,61994.25,ctl_24.tif,GRB_B,CTL,0.829563322,0.926447878,VC2835,VC2835_S3,6H,CTL
Blue,5:00,39:00:00,517,Average,0.047697783,8541.682617,47145.57031,ctl_25.tif,GRB_B,CTL,0.927352752,0.704547818,VC2835,VC2835_S3,6H,CTL
Blue,7:00,20:00,867,Average,0.061454106,7043.82373,70570.13281,ctl_2.tif,GRB_B,CTL,0.764733321,1.054606674,VC2835,VC2835_S1,6H,CTL
Blue,9:00,32:00:00,121,Average,0.050002024,11443.00195,79788.44531,ctl_4.tif,GRB_B,CTL,1.242342969,1.192365999,VC2835,VC2835_S1,6H,CTL
Blue,11:00,24:00:00,723,Average,0.044638906,9564.494141,61808.5,ctl_5.tif,GRB_B,CTL,1.038397276,0.923672013,VC2835,VC2835_S2,6H,CTL
Blue,14:00,9:00,792,Average,0.045364741,9601.871094,66712.33594,ctl_6.tif,GRB_B,CTL,1.042455214,0.996955396,VC2835,VC2835_S2,6H,CTL
Blue,16:00,19:00,870,Average,0.064335458,9475.110352,84350.95313,ctl_7.tif,GRB_B,CTL,1.028693063,1.260548544,VC2835,VC2835_S2,6H,CTL
Blue,22:00,56:00:00,389,Average,0.063873559,8955.639648,77713.60156,L_12.tif,GRB_B,L7,0.972295207,1.16135934,VC2835,VC2835_S4,6H,L_2
Blue,24:00:00,28:00:00,797,Average,0.051614996,9334.035156,68053.44531,L_13.tif,GRB_B,L7,1.013376822,1.01699706,VC2835,VC2835_S5,6H,L_2
Blue,34:00:00,8:00,824,Average,0.058066867,9951.84375,86941.375,L_16.tif,GRB_B,L7,1.080451019,1.299260051,VC2835,VC2835_S5,6H,L_2
Blue,41:00:00,48:00:00,623,Average,0.05168831,10675.99121,87343.0625,L_9.tif,GRB_B,L7,1.159070205,1.305262906,VC2835,VC2835_S4,6H,L_2
Blue,48:00:00,24:00:00,969,Average,0.066179149,10753.83887,112934.3516,M_18.tif,GRB_B,MK4256,1.167521964,1.687701527,VC2835,VC2835_S5,6H,MK_1
Blue,50:00:00,45:00:00,807,Average,0.059276596,10072.62793,84346.5,M_19.tif,GRB_B,MK4256,1.093564306,1.260481996,VC2835,VC2835_S5,6H,MK_1
Blue,1:00,57:00:00,324,Average,0.060788754,7115.818359,59014.375,M_23.tif,GRB_B,MK4256,0.772549629,0.881916347,VC2835,VC2835_S6,6H,MK_1
